image_id,label,filename,rel_path,full_path,width,height,aspect_ratio,is_small,sha256,dhash,is_duplicate,duplicate_of,use_for_training,product_group,split
straight_1,straight,1.jpg,straight/1.jpg,C:\Users\한국전파진흥협회\Desktop\Vision Proj\raw\straight\1.jpg,447,447,1.0,False,aab3544412ef5074fa5a8fcba863d421d24b37297004e6c758bcd17cfa4b15f4,14b2b25a1a1b5c58,False,,True,pg_straight_001,train
straight_10,straight,10.jpg,straight/10.jpg,C:\Users\한국전파진흥협회\Desktop\Vision Proj\raw\straight\10.jpg,360,360,1.0,False,9b611551a805f979b75b84b80b303f6b53ac50f252e226265d4f9dd6f468eaa6,00b2b2b2b2b2b2b0,False,,True,pg_straight_002,train
straight_100,straight,100.jpg,straight/100.jpg,C:\Users\한국전파진흥협회\Desktop\Vision Proj\raw\straight\100.jpg,570,617,0.924,False,d615eac4e0cd6bc830324415e4b40916f5f472bc3e701afead6253a2ae190105,8696b2237bba7170,False,,True,pg_straight_003,train
straight_101,straight,101.jpg,straight/101.jpg,C:\Users\한국전파진흥협회\Desktop\Vision Proj\raw\straight\101.jpg,602,467,1.289,False,4e6d1d3b50360aa2561ce1784fa023766003ad643840e979509168961b7c1950,30283ab2b2b2b2b0,False,,True,pg_straight_002,train
straight_102,straight,102.jpg,straight/102.jpg,C:\Users\한국전파진흥협회\Desktop\Vision Proj\raw\straight\102.jpg,625,656,0.953,False,42437f4fcab52e62b9182e71627afc5decfe7a10bd2f655abbef2d7d0766a36e,3072727272727272,False,,True,pg_straight_004,train
straight_103,straight,103.jpg,straight/103.jpg,C:\Users\한국전파진흥협회\Desktop\Vision Proj\raw\straight\103.jpg,615,612,1.005,False,068ed6db9ddea39508bdb0e185489ccf73f29c0b47b62c0058d2c86013012fdd,9a9a98cc1bdbb3b0,False,,True,pg_straight_005,train
straight_104,straight,104.jpg,straight/104.jpg,C:\Users\한국전파진흥협회\Desktop\Vision Proj\raw\straight\104.jpg,577,582,0.991,False,80418bfa000b8009b418011f1e653534f5e290d902a1cc980d6756efebc4ca88,24c9c9c9c9c9c9c9,False,,True,pg_straight_006,train
straight_105,straight,105.jpg,straight/105.jpg,C:\Users\한국전파진흥협회\Desktop\Vision Proj\raw\straight\105.jpg,422,822,0.513,False,fde585060a5182c0720d4f217429d56187057b7243683ce954153c310886b2aa,70f0f0f0f0f0f0f1,False,,True,pg_straight_007,train
straight_106,straight,106.jpg,straight/106.jpg,C:\Users\한국전파진흥협회\Desktop\Vision Proj\raw\straight\106.jpg,215,572,0.376,True,d9639d692d9514b298e66f45ab0e141507c661231d5411f24229e16afc9d025d,f0f0f0f0f0f0f0f0,False,,True,pg_straight_007,train
straight_107,straight,107.jpg,straight/107.jpg,C:\Users\한국전파진흥협회\Desktop\Vision Proj\raw\straight\107.jpg,440,882,0.499,False,ab226279a8315f55ec6830752ffb18f2d848b16f0df681fae21691332255d223,7170717171717170,False,,True,pg_straight_008,val
straight_108,straight,108.jpg,straight/108.jpg,C:\Users\한국전파진흥협회\Desktop\Vision Proj\raw\straight\108.jpg,280,755,0.371,True,1f3d28b05bac5619fa22224d364548fdfe55588c48262881e6a94bcc7b281362,f0f0f0f0f0f0f0f0,False,,True,pg_straight_007,train
straight_109,straight,109.jpg,straight/109.jpg,C:\Users\한국전파진흥협회\Desktop\Vision Proj\raw\straight\109.jpg,300,747,0.402,False,4940e00daa25636dcce9ec28c31111def37d6762c338359d0db9af06c23aa446,7cf0f0f0f0f0f0f0,False,,True,pg_straight_007,train
straight_11,straight,11.jpg,straight/11.jpg,C:\Users\한국전파진흥협회\Desktop\Vision Proj\raw\straight\11.jpg,1100,1100,1.0,False,36a39b62add44a561f5d732451c2be05449680dc6fb458fa8873677cb9131964,ccb2b2b2b2b2f28c,False,,True,pg_straight_009,val
straight_110,straight,110.jpg,straight/110.jpg,C:\Users\한국전파진흥협회\Desktop\Vision Proj\raw\straight\110.jpg,372,786,0.473,False,580d304d895d844bf217bf84ada8c6f9900c8f6a8c697046d9e5e382166720b1,7070707070727272,False,,True,pg_straight_010,train
straight_111,straight,111.jpg,straight/111.jpg,C:\Users\한국전파진흥협회\Desktop\Vision Proj\raw\straight\111.jpg,327,777,0.421,False,f1a2d2b3b677f0f6a6c2f7f846b7be1d8ad171845a2ade51ae8a9ed35ef5da10,7171717171717171,False,,True,pg_straight_008,val
straight_112,straight,112.jpg,straight/112.jpg,C:\Users\한국전파진흥협회\Desktop\Vision Proj\raw\straight\112.jpg,656,820,0.8,False,53676b778358f96de7a1a927924c4fbb756ac3e91f46eb5fb1a3dc7926def506,b0b1b1b1b1b1b130,False,,True,pg_straight_002,train
straight_113,straight,113.jpg,straight/113.jpg,C:\Users\한국전파진흥협회\Desktop\Vision Proj\raw\straight\113.jpg,667,866,0.77,False,913de67e69493a8c2f31447d587e300662225a8416f8fddf12a01a4dd028d0ea,2871716161616160,False,,True,pg_straight_011,train
straight_114,straight,114.jpg,straight/114.jpg,C:\Users\한국전파진흥협회\Desktop\Vision Proj\raw\straight\114.jpg,712,861,0.827,False,b215071776f99a99508e56364c4fa35d261473764f565340b11cf263658c8e82,7060606060606060,False,,True,pg_straight_012,train
straight_115,straight,115.jpg,straight/115.jpg,C:\Users\한국전파진흥협회\Desktop\Vision Proj\raw\straight\115.jpg,547,766,0.714,False,1313db5a2df59ea5275cd2164f45128d6710a9fbc8149f717fbfc42052c13280,30b131b1b1b1b1b1,False,,True,pg_straight_002,train
straight_116,straight,116.jpg,straight/116.jpg,C:\Users\한국전파진흥협회\Desktop\Vision Proj\raw\straight\116.jpg,660,732,0.902,False,272a6b5518e797b808f7d2b32c065eb60af8f0cfebe0f510d9544840a7fcdbaa,0072726060606030,False,,True,pg_straight_013,train
straight_117,straight,117.jpg,straight/117.jpg,C:\Users\한국전파진흥협회\Desktop\Vision Proj\raw\straight\117.jpg,665,720,0.924,False,29e440d94049d9c627019643029d71d54a231f0c89c03a80597279f9bea441f9,30b2707070727232,False,,True,pg_straight_014,train
straight_118,straight,118.jpg,straight/118.jpg,C:\Users\한국전파진흥협회\Desktop\Vision Proj\raw\straight\118.jpg,652,687,0.949,False,79fb1340c3d3f8e4f72040d0f38cb9c9e728c7d1119ca4518e8e7cafd1e968e3,30b1b0b0b1b1b1b0,False,,True,pg_straight_002,train
straight_119,straight,119.jpg,straight/119.jpg,C:\Users\한국전파진흥협회\Desktop\Vision Proj\raw\straight\119.jpg,706,701,1.007,False,84e77e96ead15b77ba7d1b0aef00fd9be4e7595481e8cfb1dbd27f2972e80311,30b0b0b0b0b0b0b2,False,,True,pg_straight_002,train
straight_12,straight,12.jpg,straight/12.jpg,C:\Users\한국전파진흥협회\Desktop\Vision Proj\raw\straight\12.jpg,230,230,1.0,True,c24ebe2926e55cfb36ef0d2c0a697ade1c6fb47f2e958fb199514bf9b4600fdd,b0b2a2a0a0a02028,False,,True,pg_straight_015,train
straight_120,straight,120.jpg,straight/120.jpg,C:\Users\한국전파진흥협회\Desktop\Vision Proj\raw\straight\120.jpg,707,692,1.022,False,e0aaf8f6bd11ea9ecd7aab99f35c95cc60fd268093871ce6f9ccf2a3dd6e84e7,b0b1b1b1b1b1b1b0,False,,True,pg_straight_002,train
straight_121,straight,121.jpg,straight/121.jpg,C:\Users\한국전파진흥협회\Desktop\Vision Proj\raw\straight\121.jpg,692,687,1.007,False,30bb49e0084efc261a27d4a52ed418f52f5a7d4b14dc3a5bfffc1a63b28b05ef,30b0b0b0b0b0b0b0,False,,True,pg_straight_002,train
straight_122,straight,122.jpg,straight/122.jpg,C:\Users\한국전파진흥협회\Desktop\Vision Proj\raw\straight\122.jpg,600,767,0.782,False,773e62c341ab18b833a86a8f1f4a257f151069c30d9eb934be700f0f3b1e2537,3060606060606060,False,,True,pg_straight_012,train
straight_123,straight,123.jpg,straight/123.jpg,C:\Users\한국전파진흥협회\Desktop\Vision Proj\raw\straight\123.jpg,547,746,0.733,False,0bac54535d399be20fe422aa826a19c37279a743432eb889bd318b6f9cd25d68,7069616161616171,False,,True,pg_straight_016,val
straight_124,straight,124.jpg,straight/124.jpg,C:\Users\한국전파진흥협회\Desktop\Vision Proj\raw\straight\124.jpg,692,667,1.037,False,2d1708c980aa62c6b7325d073347ffeb1e0c03cf3a0bc940d18603b0ec70dc00,7262626262626272,False,,True,pg_straight_017,train
straight_125,straight,125.jpg,straight/125.jpg,C:\Users\한국전파진흥협회\Desktop\Vision Proj\raw\straight\125.jpg,497,802,0.62,False,0b779d73090fed8c3580100109ff2016ada925d5e0c698e4ef07a38d67b066f8,e9e1616169696961,False,,True,pg_straight_018,train
straight_126,straight,126.jpg,straight/126.jpg,C:\Users\한국전파진흥협회\Desktop\Vision Proj\raw\straight\126.jpg,482,712,0.677,False,122f45a8e15c6bcce54ead3db6fc8fb57ff4bf7d890dcec893fa4e646d57c935,00b9b9b9b9b9b130,False,,True,pg_straight_019,val
straight_13,straight,13.jpg,straight/13.jpg,C:\Users\한국전파진흥협회\Desktop\Vision Proj\raw\straight\13.jpg,360,360,1.0,False,c31db817355baefe1d3752f3e6fb550a24d9460867dab2ce6cb16af8e083f463,61e9e9e9e9e96961,False,,True,pg_straight_020,train
straight_14,straight,14.jpg,straight/14.jpg,C:\Users\한국전파진흥협회\Desktop\Vision Proj\raw\straight\14.jpg,1100,1100,1.0,False,927c4bf364298642b1d08f22e3b41ac57b82120f3bf9742721e8243400a42c28,ccb2b2b2b2b2f28c,False,,True,pg_straight_009,val
straight_15,straight,15.jpg,straight/15.jpg,C:\Users\한국전파진흥협회\Desktop\Vision Proj\raw\straight\15.jpg,1000,1000,1.0,False,241c583a602de5db50db4b53bc1fe0fadb57a6ce83fcef747e3604f16105879b,0e71f1f1f0f13131,False,,True,pg_straight_021,train
straight_16,straight,16.jpg,straight/16.jpg,C:\Users\한국전파진흥협회\Desktop\Vision Proj\raw\straight\16.jpg,900,940,0.957,False,175f7baad1d871f55af38d693c31ba4a4ea28bfd7acd5952d6cb573df3ace213,1020b0b0b2b0b200,False,,True,pg_straight_022,train
straight_17,straight,17.jpg,straight/17.jpg,C:\Users\한국전파진흥협회\Desktop\Vision Proj\raw\straight\17.jpg,554,554,1.0,False,4cccc205a62cb977b8e0b82863e7a8cc3f55e8852c659144f0b24f24a0ca628b,0406060686064606,False,,True,pg_straight_023,train
straight_18,straight,18.jpg,straight/18.jpg,C:\Users\한국전파진흥협회\Desktop\Vision Proj\raw\straight\18.jpg,430,500,0.86,False,e06106fd5e0b8e16046a4987bf46743de67d8406693a3e434e785e96575a36df,000d4d4d4d4d4d00,False,,True,pg_straight_024,train
straight_19,straight,19.jpg,straight/19.jpg,C:\Users\한국전파진흥협회\Desktop\Vision Proj\raw\straight\19.jpg,600,400,1.5,False,a618bfd7c5db8472a69308a35ebae271d466491ac801a87c3322d6f05597b354,00b2b2b2b2b2b270,False,,True,pg_straight_002,train
straight_2,straight,2.jpg,straight/2.jpg,C:\Users\한국전파진흥협회\Desktop\Vision Proj\raw\straight\2.jpg,430,500,0.86,False,e4a6cabfb3f59b1516d4a074391734dbe0f75707921cba1e6ef9ba1143a870e4,000c4d4d4d4d4d00,False,,True,pg_straight_024,train
straight_20,straight,20.jpg,straight/20.jpg,C:\Users\한국전파진흥협회\Desktop\Vision Proj\raw\straight\20.jpg,1000,1000,1.0,False,24ae7595e4bdf2ab93d8df0c3ace4cdd3d13f95e72b3d366ea2b842309f03229,0430b232b2f2f21c,False,,True,pg_straight_025,train
straight_21,straight,21.jpg,straight/21.jpg,C:\Users\한국전파진흥협회\Desktop\Vision Proj\raw\straight\21.jpg,450,450,1.0,False,ef99d2a9cf7168ef190de565b36c7e6f65157adf6ff0e9c723788b71b53ac108,00b2b2b0b0b0b030,False,,True,pg_straight_002,train
straight_22,straight,22.jpg,straight/22.jpg,C:\Users\한국전파진흥협회\Desktop\Vision Proj\raw\straight\22.jpg,800,800,1.0,False,9914f4a9a9a5bc943397fd7a15c6688226bf8833cb3535a4054f969bbdfde67c,10b2b0b0b0b0b230,False,,True,pg_straight_002,train
straight_23,straight,23.jpg,straight/23.jpg,C:\Users\한국전파진흥협회\Desktop\Vision Proj\raw\straight\23.jpg,447,447,1.0,False,6c27102b15b90fdf2e0dd30a7bb1897638d44857dd54537ae1b30b5e36c7676d,30b2b2b2b2b2b2b2,False,,True,pg_straight_002,train
straight_24,straight,24.jpg,straight/24.jpg,C:\Users\한국전파진흥협회\Desktop\Vision Proj\raw\straight\24.jpg,447,447,1.0,False,03ed2e79765aa164aee6ee196b5300664bbc86a6ab81701b7d57ce2bafda6609,00b2b2b0b0b0b0b0,False,,True,pg_straight_002,train
straight_25,straight,25.jpg,straight/25.jpg,C:\Users\한국전파진흥협회\Desktop\Vision Proj\raw\straight\25.jpg,225,225,1.0,True,e74e966c6f117c98a0186123967893232171ff391b71a2840f02fe1579b38f6b,30b2b2b2b2b2b2b0,False,,True,pg_straight_002,train
straight_26,straight,26.jpg,straight/26.jpg,C:\Users\한국전파진흥협회\Desktop\Vision Proj\raw\straight\26.jpg,220,229,0.961,True,9f0fbb2b0fbddc84de4aa1ebed2a05a5998f4ff1b1e1ce92caf89aa6c4bfdd62,00b2b0a0a0b0b000,False,,True,pg_straight_026,val
straight_27,straight,27.jpg,straight/27.jpg,C:\Users\한국전파진흥협회\Desktop\Vision Proj\raw\straight\27.jpg,225,225,1.0,True,1623f012f23269739eb7f35db031fd16e1ddf5588fc5196b269edc501f44dff1,30b2b2b2b2b2b2b2,False,,True,pg_straight_002,train
straight_28,straight,28.jpg,straight/28.jpg,C:\Users\한국전파진흥협회\Desktop\Vision Proj\raw\straight\28.jpg,183,275,0.665,True,907539b170a16ae7adbe18dd4a6193784127b89d868894cfcb59ea1fb2e249fd,2000b2b2b2b2b200,False,,True,pg_straight_022,train
straight_29,straight,29.jpg,straight/29.jpg,C:\Users\한국전파진흥협회\Desktop\Vision Proj\raw\straight\29.jpg,437,457,0.956,False,ea61c0abd5f91559f2d1daac0f6b1c1f7cdd2c3f1699da5dea42a3d1e8d40c06,003020b2b2b0b000,False,,True,pg_straight_027,train
straight_3,straight,3.jpg,straight/3.jpg,C:\Users\한국전파진흥협회\Desktop\Vision Proj\raw\straight\3.jpg,860,860,1.0,False,6d9d700d377ea09912ff2afc6c3e3d94cfc525a13644f671ec20fc00e13e78bf,203032b2b2323230,False,,True,pg_straight_028,train
straight_30,straight,30.jpg,straight/30.jpg,C:\Users\한국전파진흥협회\Desktop\Vision Proj\raw\straight\30.jpg,554,554,1.0,False,38d904902ae1d256a292a7ffcc1f52fb4c52645ab58523048c057cc6fddbe851,32b2b2b2b2b2b232,False,,True,pg_straight_002,train
straight_31,straight,31.jpg,straight/31.jpg,C:\Users\한국전파진흥협회\Desktop\Vision Proj\raw\straight\31.jpg,225,225,1.0,True,7fefdfee821fc78f7b6c8438fa1991fadc1f63ed1e7159901930820758287c3f,b232323232b2b2b2,False,,True,pg_straight_002,train
straight_32,straight,32.jpg,straight/32.jpg,C:\Users\한국전파진흥협회\Desktop\Vision Proj\raw\straight\32.jpg,225,225,1.0,True,a648dccbf1c744f5f6b6b6850c4518b81f3480740b92827ebcaaf8d7ebd0c995,dd7931b9f9f0f2f3,False,,True,pg_straight_029,train
straight_33,straight,33.jpg,straight/33.jpg,C:\Users\한국전파진흥협회\Desktop\Vision Proj\raw\straight\33.jpg,447,447,1.0,False,707e3b8b63d0e74a0daa50aa5ed64129cdd347631c5019cfb8da969b9048b887,2dedcdcdcdcdcde7,False,,True,pg_straight_030,val
straight_34,straight,34.jpg,straight/34.jpg,C:\Users\한국전파진흥협회\Desktop\Vision Proj\raw\straight\34.jpg,225,225,1.0,True,574a58b75f302b271535e850567f949af18a20b86945c5cdc3c45c9a4ddd4bb2,30b2b2b2b2b2b230,False,,True,pg_straight_002,train
straight_35,straight,35.jpg,straight/35.jpg,C:\Users\한국전파진흥협회\Desktop\Vision Proj\raw\straight\35.jpg,194,259,0.749,True,f96a92c328e4fed238291c3814fb0a56f1290359c792bb82ecc5667ae5984e78,3000b0b2b2b2b200,False,,True,pg_straight_022,train
straight_36,straight,36.jpg,straight/36.jpg,C:\Users\한국전파진흥협회\Desktop\Vision Proj\raw\straight\36.jpg,220,229,0.961,True,1c5a543e18da4ceb2d484f566ef4edcebd9e7e960fb5bff02b74dec776a39eaa,00b2b0a0a0b0b000,False,,True,pg_straight_026,val
straight_37,straight,37.jpg,straight/37.jpg,C:\Users\한국전파진흥협회\Desktop\Vision Proj\raw\straight\37.jpg,671,690,0.972,False,8d406cba700988badab3f03e8af530771b35d3654ac8a0d4ad0722b90290048f,302262626262e3e3,False,,True,pg_straight_031,val
straight_38,straight,38.jpg,straight/38.jpg,C:\Users\한국전파진흥협회\Desktop\Vision Proj\raw\straight\38.jpg,496,660,0.752,False,aae476eda2091ae480e4214a0f2fca446ea213d6c4cdf2f5714337f6d44963cc,6062626262626262,False,,True,pg_straight_017,train
straight_39,straight,39.jpg,straight/39.jpg,C:\Users\한국전파진흥협회\Desktop\Vision Proj\raw\straight\39.jpg,582,717,0.812,False,ec8102171c8bb5d16b1b1b60c610f685ff73e788a07d122d7699b8b695ea6187,4dcd4d45444e4ece,False,,True,pg_straight_032,train
straight_4,straight,4.jpg,straight/4.jpg,C:\Users\한국전파진흥협회\Desktop\Vision Proj\raw\straight\4.jpg,600,600,1.0,False,1111d0df1a3d3e32ca3737608aa1b019b914f6dc52e904ecd0207c13278d71b9,b0b0a4a2b2a2a0e0,False,,True,pg_straight_033,train
straight_40,straight,40.jpg,straight/40.jpg,C:\Users\한국전파진흥협회\Desktop\Vision Proj\raw\straight\40.jpg,615,592,1.039,False,af04c8620d782bbf0d463e74fb1e2d2a9eeb4f643f15fed93d9720b47c8bae98,7262626262626262,False,,True,pg_straight_017,train
straight_41,straight,41.jpg,straight/41.jpg,C:\Users\한국전파진흥협회\Desktop\Vision Proj\raw\straight\41.jpg,491,582,0.844,False,986b03283728497bbcef68366c49bf7d65766afdba0bd063220dc1ad7c47dad7,e0e0e0e0e0e0e0e0,False,,True,pg_straight_034,val
straight_42,straight,42.jpg,straight/42.jpg,C:\Users\한국전파진흥협회\Desktop\Vision Proj\raw\straight\42.jpg,642,592,1.084,False,92501a13a7cee1d7b9bcc31674c14e96684df21aafb2775dfb58589c69ddbd81,72b2b2b2b2b23233,False,,True,pg_straight_002,train
straight_43,straight,43.jpg,straight/43.jpg,C:\Users\한국전파진흥협회\Desktop\Vision Proj\raw\straight\43.jpg,797,765,1.042,False,ccb1c94f26b4fd6506faeb2edaf12f0ed417bc3c587ad51f770bf294ab817d39,12320c05160d0ce0,False,,True,pg_straight_035,train
straight_44,straight,44.jpg,straight/44.jpg,C:\Users\한국전파진흥협회\Desktop\Vision Proj\raw\straight\44.jpg,785,747,1.051,False,70bf3d0066e32a081dc43bbdd60cd05a4f99f6fd9157904e5667fd8694227878,32322425362526e4,False,,True,pg_straight_036,train
straight_45,straight,45.jpg,straight/45.jpg,C:\Users\한국전파진흥협회\Desktop\Vision Proj\raw\straight\45.jpg,830,757,1.096,False,78443d61e225d0815da63a4b67471199fe07f56cd024a5a392ea5f1a781814eb,32b2b2b2b2b2b2b2,False,,True,pg_straight_002,train
straight_46,straight,46.jpg,straight/46.jpg,C:\Users\한국전파진흥협회\Desktop\Vision Proj\raw\straight\46.jpg,761,802,0.949,False,8c6e839e0358eac0e84afc1e5cc047cd4c84ec7ab1d64b0d0945229e5293b889,8ce4e4e8c8e06060,False,,True,pg_straight_037,val
straight_47,straight,47.jpg,straight/47.jpg,C:\Users\한국전파진흥협회\Desktop\Vision Proj\raw\straight\47.jpg,870,845,1.03,False,a7ec3c9a0e30c171502226c6a3ff268861a657409218a8a6f061bf31cd42bc6b,cc8c8cccccccc4e4,False,,True,pg_straight_038,train
straight_48,straight,48.jpg,straight/48.jpg,C:\Users\한국전파진흥협회\Desktop\Vision Proj\raw\straight\48.jpg,827,841,0.983,False,8b007e71522312d246d2ce35fc5f12aefc5b5c08513a303abec59ae425180405,cc8ec4c4ccc4c6a4,False,,True,pg_straight_039,train
straight_49,straight,49.jpg,straight/49.jpg,C:\Users\한국전파진흥협회\Desktop\Vision Proj\raw\straight\49.jpg,532,435,1.223,False,6ccb07884fcaca5f929614b441822ac02fab84a6e829dc9f228736b671219d9f,0070180e03917868,False,,True,pg_straight_040,val
straight_5,straight,5.jpg,straight/5.jpg,C:\Users\한국전파진흥협회\Desktop\Vision Proj\raw\straight\5.jpg,493,740,0.666,False,98b04dfafac7bb9e9adca5473ba31ddff27945433b77d20095e3d98aac6de1a2,0060707070707070,False,,True,pg_straight_041,val
straight_50,straight,50.jpg,straight/50.jpg,C:\Users\한국전파진흥협회\Desktop\Vision Proj\raw\straight\50.jpg,822,780,1.054,False,d918022c1305b3c36cc6f7750ca9a26fa4a428259854929a45330372017865f2,ccf0f2f0b2b0f0f0,False,,True,pg_straight_042,train
straight_51,straight,51.jpg,straight/51.jpg,C:\Users\한국전파진흥협회\Desktop\Vision Proj\raw\straight\51.jpg,865,770,1.123,False,9ee6c5aad161c93fc08cc40e6dd2e89f28a5cad705058cbfa4b89bc9d51f85d5,ccd4d49494949cf0,False,,True,pg_straight_043,train
straight_52,straight,52.jpg,straight/52.jpg,C:\Users\한국전파진흥협회\Desktop\Vision Proj\raw\straight\52.jpg,812,742,1.094,False,fc4f3c6146f8e37d792920f613a677e9245340fcdeef79b423d4122b4ddc4092,f0f2f2f2b2f2f0f0,False,,True,pg_straight_044,train
straight_53,straight,53.jpg,straight/53.jpg,C:\Users\한국전파진흥협회\Desktop\Vision Proj\raw\straight\53.jpg,840,832,1.01,False,8c903687cb473aa0f7f1e5a2aab652e4655ca82b9e7481bbe88939393c5a682a,d4d4d4d494949cd4,False,,True,pg_straight_045,train
straight_54,straight,54.jpg,straight/54.jpg,C:\Users\한국전파진흥협회\Desktop\Vision Proj\raw\straight\54.jpg,662,585,1.132,False,dd77d906cf732bd3714d25d0c6b5b8ffefb096d935c875e7714ff47b8a717229,371b8dc66361d1c1,False,,True,pg_straight_046,train
straight_55,straight,55.jpg,straight/55.jpg,C:\Users\한국전파진흥협회\Desktop\Vision Proj\raw\straight\55.jpg,661,740,0.893,False,b99a04205c3c68600f802ec3603d5e16371f3610abe11df1de1acea62a8d3c9a,30f1819131317179,False,,True,pg_straight_047,val
straight_56,straight,56.jpg,straight/56.jpg,C:\Users\한국전파진흥협회\Desktop\Vision Proj\raw\straight\56.jpg,475,700,0.679,False,12eb74b686756b9e6835750bec6db72c6d95ba9f0b3b3e4cc307b8e776c43295,4f8e860e4ecccdc7,False,,True,pg_straight_048,val
straight_57,straight,57.jpg,straight/57.jpg,C:\Users\한국전파진흥협회\Desktop\Vision Proj\raw\straight\57.jpg,522,672,0.777,False,b4daa592520f9825c4014407b4930879159f65f0a8e35090e8a55c92a9a24470,3b23333389888898,False,,True,pg_straight_049,train
straight_58,straight,58.jpg,straight/58.jpg,C:\Users\한국전파진흥협회\Desktop\Vision Proj\raw\straight\58.jpg,667,726,0.919,False,e41cdf0d1f2840734908bd98763290ed1fe21c6d8c52efdb27b42a57cf747e5a,26454e4a1b737363,False,,True,pg_straight_050,val
straight_59,straight,59.jpg,straight/59.jpg,C:\Users\한국전파진흥협회\Desktop\Vision Proj\raw\straight\59.jpg,520,721,0.721,False,e49fcdbfb21844c672284aceb4a79a13be73959afcf20bbd7129a63c46054571,c1c0c3c3c3c2c3c0,False,,True,pg_straight_051,train
straight_6,straight,6.jpg,straight/6.jpg,C:\Users\한국전파진흥협회\Desktop\Vision Proj\raw\straight\6.jpg,560,560,1.0,False,78850b675163d808fad97442e7804aea65740f9daa639aa54f3383d667b51030,34b2b2b2b2b2b230,False,,True,pg_straight_002,train
straight_60,straight,60.jpg,straight/60.jpg,C:\Users\한국전파진흥협회\Desktop\Vision Proj\raw\straight\60.jpg,577,685,0.842,False,c554ac813ab63157f873ebe90d2b2c1b4af3f393969e584f61b7cdcbe71cee41,4260636766664647,False,,True,pg_straight_052,train
straight_61,straight,61.jpg,straight/61.jpg,C:\Users\한국전파진흥협회\Desktop\Vision Proj\raw\straight\61.jpg,601,715,0.841,False,8dac3005d8764154ab905a3d7f7ed9c4882f8274feab5ad4060766409bd98207,6360636363626361,False,,True,pg_straight_053,val
straight_62,straight,62.jpg,straight/62.jpg,C:\Users\한국전파진흥협회\Desktop\Vision Proj\raw\straight\62.jpg,562,721,0.779,False,3015ff61d6a6c51666193c2939258eb833528fb6a71ac6f304c2bcf1e6b4c435,c7c7464646464646,False,,True,pg_straight_054,train
straight_63,straight,63.jpg,straight/63.jpg,C:\Users\한국전파진흥협회\Desktop\Vision Proj\raw\straight\63.jpg,471,517,0.911,False,f2b33878e5ae367231fd732e8090f4d22bd4537e08cd04a36f091e1ae1c418ba,3068787878787878,False,,True,pg_straight_055,train
straight_64,straight,64.jpg,straight/64.jpg,C:\Users\한국전파진흥협회\Desktop\Vision Proj\raw\straight\64.jpg,726,526,1.38,False,221315d6a78b2ac6e024c10db52edf0b93a74de152172543179da8d66d56450b,10b2b2b2b2b2b2b2,False,,True,pg_straight_002,train
straight_65,straight,65.jpg,straight/65.jpg,C:\Users\한국전파진흥협회\Desktop\Vision Proj\raw\straight\65.jpg,652,620,1.052,False,58b618170e21a374f30792025ae1948b328eb6cca293b12296d55bfa2cce91f6,303ab2b2b2b2b2b0,False,,True,pg_straight_002,train
straight_66,straight,66.jpg,straight/66.jpg,C:\Users\한국전파진흥협회\Desktop\Vision Proj\raw\straight\66.jpg,870,657,1.324,False,d14a47f7b38d92efb9284115bf78183951c498439795c5ec388be107dd673481,c7e5f5a5c3979d06,False,,True,pg_straight_056,train
straight_67,straight,67.jpg,straight/67.jpg,C:\Users\한국전파진흥협회\Desktop\Vision Proj\raw\straight\67.jpg,477,511,0.933,False,98fbc1e2ddde511f9e7692ba864babf4c7b830af24111c37872848f63f7f2b66,b2b23232323232b2,False,,True,pg_straight_002,train
straight_68,straight,68.jpg,straight/68.jpg,C:\Users\한국전파진흥협회\Desktop\Vision Proj\raw\straight\68.jpg,760,726,1.047,False,0f74c268897e46f58191342e0639beffe9de82dfce5bcb4927153b462128d143,2c646568702585cd,False,,True,pg_straight_057,val
straight_69,straight,69.jpg,straight/69.jpg,C:\Users\한국전파진흥협회\Desktop\Vision Proj\raw\straight\69.jpg,365,357,1.022,False,e0764a038a8fbb27b10b30dc7a687b06c2664cfe2b1eb0b441a8fece74383c69,31b1b1b1b1b1b1b1,False,,True,pg_straight_002,train
straight_7,straight,7.jpg,straight/7.jpg,C:\Users\한국전파진흥협회\Desktop\Vision Proj\raw\straight\7.jpg,500,889,0.562,False,49b88370ddcd72e2b93a5aebd6646581afb36b4b0a26a410a24cd9f7086bd2a6,d6d6dedafa5a1e5a,False,,True,pg_straight_058,train
straight_70,straight,70.jpg,straight/70.jpg,C:\Users\한국전파진흥협회\Desktop\Vision Proj\raw\straight\70.jpg,531,400,1.327,False,ade3b91696ea0e41b7aa4a097807baa5aab96af83450e3769f54ce3b5453785f,706c62323232b26c,False,,True,pg_straight_059,val
straight_71,straight,71.jpg,straight/71.jpg,C:\Users\한국전파진흥협회\Desktop\Vision Proj\raw\straight\71.jpg,475,412,1.153,False,cd1403d6d08d3f8ad277243a2d191e531c6ed2e8cfe5d2324305817a4a4f0398,30b6b2b2b2b6b634,False,,True,pg_straight_002,train
straight_72,straight,72.jpg,straight/72.jpg,C:\Users\한국전파진흥협회\Desktop\Vision Proj\raw\straight\72.jpg,1112,722,1.54,False,eb03480fd43a41706765689cac3b0ab450634504894e2ab1b111c5b5bd2fdab0,717969696969696d,False,,True,pg_straight_060,val
straight_73,straight,73.jpg,straight/73.jpg,C:\Users\한국전파진흥협회\Desktop\Vision Proj\raw\straight\73.jpg,555,500,1.11,False,ab06150ab5cf0f863a192f0b355758e46f2ae73e20e6dca43440d42eae23b221,32b2b1b1b1b1b1b0,False,,True,pg_straight_002,train
straight_74,straight,74.jpg,straight/74.jpg,C:\Users\한국전파진흥협회\Desktop\Vision Proj\raw\straight\74.jpg,611,541,1.129,False,0e68b93079fae5cfdaf2dde7fa81b7b1a06fcf406f52ca64358a21a763295eaf,084d052424343434,False,,True,pg_straight_061,train
straight_75,straight,75.jpg,straight/75.jpg,C:\Users\한국전파진흥협회\Desktop\Vision Proj\raw\straight\75.jpg,492,500,0.984,False,b4a6b0a20ee282a5316b2df890d7d602d8ec1501ed1039b16707db5968bbda4f,3b69e9a9e9616971,False,,True,pg_straight_062,val
straight_76,straight,76.jpg,straight/76.jpg,C:\Users\한국전파진흥협회\Desktop\Vision Proj\raw\straight\76.jpg,555,562,0.988,False,4104f2e66c0e88462341a621ff8fef1a9c92e6241db12c377b1c5ead7a44d275,1020b2b2b2b2b2b2,False,,True,pg_straight_002,train
straight_77,straight,77.jpg,straight/77.jpg,C:\Users\한국전파진흥협회\Desktop\Vision Proj\raw\straight\77.jpg,582,625,0.931,False,11755aa96b837eca3e30c927ad10690038ce7e3098529f432d716821b93b79d2,b2b2b2b2b2b2b2b2,False,,True,pg_straight_002,train
straight_78,straight,78.jpg,straight/78.jpg,C:\Users\한국전파진흥협회\Desktop\Vision Proj\raw\straight\78.jpg,582,542,1.074,False,abfb9f899de04ec1fc295f2ff3223850b6c7e63692054ca44f18ffb39f626bcc,0d04243434343434,False,,True,pg_straight_063,train
straight_79,straight,79.jpg,straight/79.jpg,C:\Users\한국전파진흥협회\Desktop\Vision Proj\raw\straight\79.jpg,1062,787,1.349,False,c1479766909fe24fde90a630494ba98e99d06f537259fd4b2fe212e041c2615c,00e0a0a4a4a4a4a4,False,,True,pg_straight_064,train
straight_8,straight,8.jpg,straight/8.jpg,C:\Users\한국전파진흥협회\Desktop\Vision Proj\raw\straight\8.jpg,800,800,1.0,False,b445a30482df772517cfa8d2a72f7d364e888972fc9682e305c0f2cb5093ead6,30b2b2b2b2b2b230,False,,True,pg_straight_002,train
straight_80,straight,80.jpg,straight/80.jpg,C:\Users\한국전파진흥협회\Desktop\Vision Proj\raw\straight\80.jpg,450,452,0.996,False,bd74e7b2e012eb8873208b6c3fd15cf796e27c36d477be7a6e5187f8aa94f2a7,69c9c9c9c9c9c9c1,False,,True,pg_straight_065,train
straight_81,straight,81.jpg,straight/81.jpg,C:\Users\한국전파진흥협회\Desktop\Vision Proj\raw\straight\81.jpg,727,526,1.382,False,9557c8d0535d193d3ba776d2d1bd108f18f03b93ad3f2f2b149fdf3c1f67d5d5,c7c5d4d444541337,False,,True,pg_straight_066,train
straight_82,straight,82.jpg,straight/82.jpg,C:\Users\한국전파진흥협회\Desktop\Vision Proj\raw\straight\82.jpg,751,612,1.227,False,f229838c04dce535ef6dcdff460c22424dcabdc8be88b60b73b40739633e0a13,08b133363231f330,False,,True,pg_straight_067,val
straight_83,straight,83.jpg,straight/83.jpg,C:\Users\한국전파진흥협회\Desktop\Vision Proj\raw\straight\83.jpg,1052,702,1.499,False,90ec9c8c743865c978225dbe259fe4f4cc7777646355847b07748b0139113f4f,7870707070707070,False,,True,pg_straight_010,train
straight_84,straight,84.jpg,straight/84.jpg,C:\Users\한국전파진흥협회\Desktop\Vision Proj\raw\straight\84.jpg,487,542,0.899,False,29e764033ba3a95c1043d72680582e3231b022946daacbd9ba9be4041de8cdd7,7171717171717171,False,,True,pg_straight_008,val
straight_85,straight,85.jpg,straight/85.jpg,C:\Users\한국전파진흥협회\Desktop\Vision Proj\raw\straight\85.jpg,567,642,0.883,False,a55989abcba6e48c052f000991c7936b277fb097e37b189b06cbeefb3eea2f7e,6262626262626262,False,,True,pg_straight_017,train
straight_86,straight,86.jpg,straight/86.jpg,C:\Users\한국전파진흥협회\Desktop\Vision Proj\raw\straight\86.jpg,566,617,0.917,False,f0de82662e2f36206e6a477d64270b63aba1ed3a02bab982c3cb498dc728e21f,3272727272727070,False,,True,pg_straight_004,train
straight_87,straight,87.jpg,straight/87.jpg,C:\Users\한국전파진흥협회\Desktop\Vision Proj\raw\straight\87.jpg,1007,572,1.76,False,2cd489dc913a8e5766e996176fd5a7661a4dcec177d5c26983077a4fb3d431ee,103030303030305a,False,,True,pg_straight_068,train
straight_88,straight,88.jpg,straight/88.jpg,C:\Users\한국전파진흥협회\Desktop\Vision Proj\raw\straight\88.jpg,837,502,1.667,False,96077aa9f1fab1c43913c994f2d6754608466558c12e1af6a2cd4c84c2c1aa8d,8a9292909092f2f2,False,,True,pg_straight_069,train
straight_89,straight,89.jpg,straight/89.jpg,C:\Users\한국전파진흥협회\Desktop\Vision Proj\raw\straight\89.jpg,1042,662,1.574,False,5b8ea2341df4a629a6bc88c8205efe0055df6ded919260e7987912895ecd5b4c,9484909090909090,False,,True,pg_straight_070,train
straight_9,straight,9.jpg,straight/9.jpg,C:\Users\한국전파진흥협회\Desktop\Vision Proj\raw\straight\9.jpg,750,750,1.0,False,dcc739225561f90cadc0b478d0a514c9cc5ed1db0cf5ef3c42c3303e17882e09,10b2b2b2b2b2b230,False,,True,pg_straight_002,train
straight_90,straight,90.jpg,straight/90.jpg,C:\Users\한국전파진흥협회\Desktop\Vision Proj\raw\straight\90.jpg,832,672,1.238,False,b3c8beb4c4f55e6e8c30459adf9a40cfb668ea4d7cf1c5bf18588b87d4995f1a,3030307030b0b01a,False,,True,pg_straight_071,train
straight_91,straight,91.jpg,straight/91.jpg,C:\Users\한국전파진흥협회\Desktop\Vision Proj\raw\straight\91.jpg,540,437,1.236,False,de5fafc4e6fcc1bbd5dcc91f08e8105c4a3eb93c2968ccfd8d5e94f179662eaa,1038b2b2bababa38,False,,True,pg_straight_072,train
straight_92,straight,92.jpg,straight/92.jpg,C:\Users\한국전파진흥협회\Desktop\Vision Proj\raw\straight\92.jpg,880,546,1.612,False,332fed15415901353521362ac4e2f9976933fde509edce8f9d67d0dd4652f63d,101010303010108a,False,,True,pg_straight_073,train
straight_93,straight,93.jpg,straight/93.jpg,C:\Users\한국전파진흥협회\Desktop\Vision Proj\raw\straight\93.jpg,500,567,0.882,False,52def4eb4a2b4d210d4fa5ad2c07def1c6c92b50d8b6d515902a871f5a4e8213,30b1b1b1b1b1b1b1,False,,True,pg_straight_002,train
straight_94,straight,94.jpg,straight/94.jpg,C:\Users\한국전파진흥협회\Desktop\Vision Proj\raw\straight\94.jpg,937,717,1.307,False,eef1e58395bf57b651169a61a9be8b20fd6ab6ee4edaed9e5aa0d9d5f97d25dd,766676727a726274,False,,True,pg_straight_074,train
straight_95,straight,95.jpg,straight/95.jpg,C:\Users\한국전파진흥협회\Desktop\Vision Proj\raw\straight\95.jpg,1042,762,1.367,False,76f503e3fe276f08b8c325cf0511b490b62f7c414be2bf3c0d5e7edaa8146f68,b0b212f2f2f2f210,False,,True,pg_straight_075,train
straight_96,straight,96.jpg,straight/96.jpg,C:\Users\한국전파진흥협회\Desktop\Vision Proj\raw\straight\96.jpg,827,572,1.446,False,a3a27e46a041cb6af13dd37955036f2cbe404ab257d827ffe6d59b4f971ca89f,eed6d6d692b2d3fb,False,,True,pg_straight_076,train
straight_97,straight,97.jpg,straight/97.jpg,C:\Users\한국전파진흥협회\Desktop\Vision Proj\raw\straight\97.jpg,502,565,0.888,False,39da28428478b23cc49decb8064e12c4287e57d3d8d5ed763ab9a4d6a73cf5e8,7171717171717171,False,,True,pg_straight_008,val
straight_98,straight,98.jpg,straight/98.jpg,C:\Users\한국전파진흥협회\Desktop\Vision Proj\raw\straight\98.jpg,577,627,0.92,False,db6880e049fcda05e7102e7964b7372838866c8ddfe67b61689b80759b0bc41a,dd9f9f9f0f5f5fcd,False,,True,pg_straight_077,train
straight_99,straight,99.jpg,straight/99.jpg,C:\Users\한국전파진흥협회\Desktop\Vision Proj\raw\straight\99.jpg,611,582,1.05,False,ad16008619bcfd29875fd6bd78d1ce7202f7f2c3d6516f98c1ec21fde9c944e7,7262626262626272,False,,True,pg_straight_017,train
taper_smooth_1,taper_smooth,1.jpg,taper_smooth/1.jpg,C:\Users\한국전파진흥협회\Desktop\Vision Proj\raw\taper_smooth\1.jpg,1000,999,1.001,False,545c394a69b94b6739ea27b59c1972ea1abff907ef07e25dbd9c2f5f93602dd6,009696060606060e,False,,True,pg_taper_smooth_001,train
taper_smooth_10,taper_smooth,10.jpg,taper_smooth/10.jpg,C:\Users\한국전파진흥협회\Desktop\Vision Proj\raw\taper_smooth\10.jpg,550,550,1.0,False,e6e6d96150158cf25add0dadde004f2df88c67da38ae46a32165aad268d50374,007070723232b200,False,,True,pg_taper_smooth_002,val
taper_smooth_100,taper_smooth,100.jpg,taper_smooth/100.jpg,C:\Users\한국전파진흥협회\Desktop\Vision Proj\raw\taper_smooth\100.jpg,481,460,1.046,False,10ff27ff310e1aeec2cce616d12958da13e635ff67598bf873b003ea7de6d558,501231b1b2b2b212,False,,True,pg_taper_smooth_003,val
taper_smooth_101,taper_smooth,101.jpg,taper_smooth/101.jpg,C:\Users\한국전파진흥협회\Desktop\Vision Proj\raw\taper_smooth\101.jpg,530,555,0.955,False,67fb9e1cf533085f403eb934b45683c50e0dcbdc37dfc1b3d981c0396b42d966,7161616969697232,False,,True,pg_taper_smooth_004,train
taper_smooth_11,taper_smooth,11.jpg,taper_smooth/11.jpg,C:\Users\한국전파진흥협회\Desktop\Vision Proj\raw\taper_smooth\11.jpg,550,550,1.0,False,dc565fe4ccea3ea01f41566c3ec59dae73440d995f07cab151829d5407092c00,00686830b2b2b230,False,,True,pg_taper_smooth_005,train
taper_smooth_12,taper_smooth,12.jpg,taper_smooth/12.jpg,C:\Users\한국전파진흥협회\Desktop\Vision Proj\raw\taper_smooth\12.jpg,750,870,0.862,False,3036470ff0855827a56b63af255bb811e9bc158a08fb5598628ddcac67f56658,1c607232b2b2b24c,False,,True,pg_taper_smooth_006,train
taper_smooth_13,taper_smooth,13.jpg,taper_smooth/13.jpg,C:\Users\한국전파진흥협회\Desktop\Vision Proj\raw\taper_smooth\13.jpg,750,1000,0.75,False,e30abb03d6cf4e222e6cdc58ee4d8f7c61e0d4a852cadc73886515dae93f701c,0729313333b23309,False,,True,pg_taper_smooth_007,val
taper_smooth_14,taper_smooth,14.jpg,taper_smooth/14.jpg,C:\Users\한국전파진흥협회\Desktop\Vision Proj\raw\taper_smooth\14.jpg,447,447,1.0,False,c953aa1e3a84abf4f7815a77a88c7c1602e22fe6b3176d81f141bcacabded75d,0c32a220a0a2320c,False,,True,pg_taper_smooth_008,train
taper_smooth_15,taper_smooth,15.jpg,taper_smooth/15.jpg,C:\Users\한국전파진흥협회\Desktop\Vision Proj\raw\taper_smooth\15.jpg,554,554,1.0,False,8ad0472ffb9418ab1490c5fe414bc792a68d4b89c068a845c685d9e534be6b3c,20b4b2b2b2b2b230,False,,True,pg_taper_smooth_009,train
taper_smooth_16,taper_smooth,16.jpg,taper_smooth/16.jpg,C:\Users\한국전파진흥협회\Desktop\Vision Proj\raw\taper_smooth\16.jpg,525,525,1.0,False,fd5933164ab2552aedc4ace08b2fe155e438e8de890a2f9208bf1d11ece4acc3,2034b2b2b2b2b230,False,,True,pg_taper_smooth_009,train
taper_smooth_17,taper_smooth,17.jpg,taper_smooth/17.jpg,C:\Users\한국전파진흥협회\Desktop\Vision Proj\raw\taper_smooth\17.jpg,550,550,1.0,False,e6e6d96150158cf25add0dadde004f2df88c67da38ae46a32165aad268d50374,007070723232b200,True,taper_smooth_10,False,pg_taper_smooth_002,excluded_duplicate
taper_smooth_18,taper_smooth,18.jpg,taper_smooth/18.jpg,C:\Users\한국전파진흥협회\Desktop\Vision Proj\raw\taper_smooth\18.jpg,740,740,1.0,False,293e52eb94b0e988fb5e9386940e4b0ea3e19476d1bef2283c6832f64a39c767,8c71717171727200,False,,True,pg_taper_smooth_010,train
taper_smooth_19,taper_smooth,19.jpg,taper_smooth/19.jpg,C:\Users\한국전파진흥협회\Desktop\Vision Proj\raw\taper_smooth\19.jpg,493,740,0.666,False,148d5116b535c802b8e01152826956beccd45195bae50a5bd4eac338b04343e9,95ce7879797979f9,False,,True,pg_taper_smooth_011,train
taper_smooth_2,taper_smooth,2.jpg,taper_smooth/2.jpg,C:\Users\한국전파진흥협회\Desktop\Vision Proj\raw\taper_smooth\2.jpg,1200,675,1.778,False,35924b2ea71878cc25b2fa0604722bfd1023745a434d4e1286103d4acbbb0162,0034949414361434,False,,True,pg_taper_smooth_012,val
taper_smooth_20,taper_smooth,20.jpg,taper_smooth/20.jpg,C:\Users\한국전파진흥협회\Desktop\Vision Proj\raw\taper_smooth\20.jpg,750,1000,0.75,False,e30abb03d6cf4e222e6cdc58ee4d8f7c61e0d4a852cadc73886515dae93f701c,0729313333b23309,True,taper_smooth_13,False,pg_taper_smooth_007,excluded_duplicate
taper_smooth_21,taper_smooth,21.jpg,taper_smooth/21.jpg,C:\Users\한국전파진흥협회\Desktop\Vision Proj\raw\taper_smooth\21.jpg,225,225,1.0,True,bb97e265ca43caaa178255a2c5c00e27e8de72c530bf22e146c71589619a04cc,5071696971717130,False,,True,pg_taper_smooth_013,val
taper_smooth_22,taper_smooth,22.jpg,taper_smooth/22.jpg,C:\Users\한국전파진흥협회\Desktop\Vision Proj\raw\taper_smooth\22.jpg,447,447,1.0,False,3ea5c91caef68924bd88bfde2384ad3e3ee9bcc49b6d54b05f3cc7a422486328,6969696969697170,False,,True,pg_taper_smooth_014,val
taper_smooth_23,taper_smooth,23.jpg,taper_smooth/23.jpg,C:\Users\한국전파진흥협회\Desktop\Vision Proj\raw\taper_smooth\23.jpg,225,225,1.0,True,c26cafc08cd71c81004feb7b42c14f44cab0340493676689a6245eeb2df6ddaa,ccc48ccfcfcdcd9d,False,,True,pg_taper_smooth_015,train
taper_smooth_24,taper_smooth,24.jpg,taper_smooth/24.jpg,C:\Users\한국전파진흥협회\Desktop\Vision Proj\raw\taper_smooth\24.jpg,225,225,1.0,True,ecaeda01583f03b4991c3a4dac0d27a733302db0677da0215485232494b340bf,0030121616043006,False,,True,pg_taper_smooth_016,train
taper_smooth_25,taper_smooth,25.jpg,taper_smooth/25.jpg,C:\Users\한국전파진흥협회\Desktop\Vision Proj\raw\taper_smooth\25.jpg,407,491,0.829,False,f3f68a9d689e4b730ab01163a06a767c600ce887600b9b9506682f3f8dab49b3,644452c3c7c7c746,False,,True,pg_taper_smooth_017,train
taper_smooth_26,taper_smooth,26.jpg,taper_smooth/26.jpg,C:\Users\한국전파진흥협회\Desktop\Vision Proj\raw\taper_smooth\26.jpg,225,225,1.0,True,a68dd0a2ba082d81fcaf4d1d39c21733894c5720b57b7fd847cd764d8acc65da,00787979797132b2,False,,True,pg_taper_smooth_018,train
taper_smooth_27,taper_smooth,27.jpg,taper_smooth/27.jpg,C:\Users\한국전파진흥협회\Desktop\Vision Proj\raw\taper_smooth\27.jpg,225,225,1.0,True,eab1c0440fb209701d2698ec41b153ef8d284435815f599e2d2aa9dc0c859b66,61797969797171b0,False,,True,pg_taper_smooth_014,val
taper_smooth_28,taper_smooth,28.jpg,taper_smooth/28.jpg,C:\Users\한국전파진흥협회\Desktop\Vision Proj\raw\taper_smooth\28.jpg,225,225,1.0,True,409ed871ebfe6a73e27d9189d348028d6aa38da57a7f159173b491db70acb659,787c347569797979,False,,True,pg_taper_smooth_019,val
taper_smooth_29,taper_smooth,29.jpg,taper_smooth/29.jpg,C:\Users\한국전파진흥협회\Desktop\Vision Proj\raw\taper_smooth\29.jpg,225,225,1.0,True,4cb6216f1d83805c8bf17ae0f31e7ca25c9564891699d621001dd295b9a65838,6169797979797930,False,,True,pg_taper_smooth_020,train
taper_smooth_3,taper_smooth,3.jpg,taper_smooth/3.jpg,C:\Users\한국전파진흥협회\Desktop\Vision Proj\raw\taper_smooth\3.jpg,3623,5434,0.667,False,0ee0ba569434a1620155143da74a4872091caf341a7d917951d108190880b51e,00849696968cb533,False,,True,pg_taper_smooth_021,train
taper_smooth_30,taper_smooth,30.jpg,taper_smooth/30.jpg,C:\Users\한국전파진흥협회\Desktop\Vision Proj\raw\taper_smooth\30.jpg,225,225,1.0,True,cea8120a3e1bb131f40554cd294327c910c758d6904b7846fdf32eba8688d22f,cae869e9e9e0f296,False,,True,pg_taper_smooth_022,train
taper_smooth_31,taper_smooth,31.jpg,taper_smooth/31.jpg,C:\Users\한국전파진흥협회\Desktop\Vision Proj\raw\taper_smooth\31.jpg,194,259,0.749,True,87d35e01b10cbcbef7e27d2e0edcc08bf09a11bd734e7c29b076ffad5f5d3678,e4eedfdf9c9d99e1,False,,True,pg_taper_smooth_023,val
taper_smooth_32,taper_smooth,32.jpg,taper_smooth/32.jpg,C:\Users\한국전파진흥협회\Desktop\Vision Proj\raw\taper_smooth\32.jpg,554,554,1.0,False,581940d2287db9bb17fe2a6adac032b51f331f95b1c185d7f108c8a5bd650fc0,7979797971797938,False,,True,pg_taper_smooth_024,train
taper_smooth_33,taper_smooth,33.jpg,taper_smooth/33.jpg,C:\Users\한국전파진흥협회\Desktop\Vision Proj\raw\taper_smooth\33.jpg,205,246,0.833,True,760fba16e95eda8eb049e6df3e5b7ac60b612a9fd2bb3d1cdd3fa9b1cff0e006,0050616161616160,False,,True,pg_taper_smooth_025,train
taper_smooth_34,taper_smooth,34.jpg,taper_smooth/34.jpg,C:\Users\한국전파진흥협회\Desktop\Vision Proj\raw\taper_smooth\34.jpg,300,300,1.0,False,8acd114e1649c5573ea6bfeffb13459a62b4a49cc1d3e478bc6620ac2344d2c8,6859797979717070,False,,True,pg_taper_smooth_026,train
taper_smooth_35,taper_smooth,35.jpg,taper_smooth/35.jpg,C:\Users\한국전파진흥협회\Desktop\Vision Proj\raw\taper_smooth\35.jpg,447,447,1.0,False,6def49ce74c133c35604f2e644462c1167f870b0e6a0f3aa4fde8d2523ed7072,d8f8696969696979,False,,True,pg_taper_smooth_027,train
taper_smooth_36,taper_smooth,36.jpg,taper_smooth/36.jpg,C:\Users\한국전파진흥협회\Desktop\Vision Proj\raw\taper_smooth\36.jpg,447,447,1.0,False,006914f65b65fabcdf05addb425135976f03a17df40895fb31f9d0c00bd478a3,c8dc746969696979,False,,True,pg_taper_smooth_028,train
taper_smooth_37,taper_smooth,37.jpg,taper_smooth/37.jpg,C:\Users\한국전파진흥협회\Desktop\Vision Proj\raw\taper_smooth\37.jpg,225,225,1.0,True,0ddd805373dd9146b0ecd5174ae9b77f30bae50952a5c774f9de23faab29038f,0048797179787878,False,,True,pg_taper_smooth_029,train
taper_smooth_38,taper_smooth,38.jpg,taper_smooth/38.jpg,C:\Users\한국전파진흥협회\Desktop\Vision Proj\raw\taper_smooth\38.jpg,447,447,1.0,False,7a6cfba2979fd85f89f57746d0cdbbbd12b38965349f4b54f39e433a7ebd7670,5879696969797171,False,,True,pg_taper_smooth_030,train
taper_smooth_39,taper_smooth,39.jpg,taper_smooth/39.jpg,C:\Users\한국전파진흥협회\Desktop\Vision Proj\raw\taper_smooth\39.jpg,314,431,0.729,False,7af4fef4b1408a91aec1d207ea1499d041d8f70bc591d2b6cd61962773354267,20007170bab20008,False,,True,pg_taper_smooth_031,val
taper_smooth_4,taper_smooth,4.jpg,taper_smooth/4.jpg,C:\Users\한국전파진흥협회\Desktop\Vision Proj\raw\taper_smooth\4.jpg,447,447,1.0,False,fce649d93869523297741994de0097f4bc9f946b8eeec70ba552dadfedcfcd94,007171707030b230,False,,True,pg_taper_smooth_032,train
taper_smooth_40,taper_smooth,40.jpg,taper_smooth/40.jpg,C:\Users\한국전파진흥협회\Desktop\Vision Proj\raw\taper_smooth\40.jpg,171,295,0.58,True,20c2496a42f30debe7c7009c0c601ed8e078ca9f4f55e7b5c267fc94ec1888dc,1b3312b6b6b6a4b4,False,,True,pg_taper_smooth_033,train
taper_smooth_41,taper_smooth,41.jpg,taper_smooth/41.jpg,C:\Users\한국전파진흥협회\Desktop\Vision Proj\raw\taper_smooth\41.jpg,447,447,1.0,False,87600946a99b92e372d6e73d9f97df2146eed791b0edf41b8075635ed1747bed,d4f0716169616971,False,,True,pg_taper_smooth_034,val
taper_smooth_42,taper_smooth,42.jpg,taper_smooth/42.jpg,C:\Users\한국전파진흥협회\Desktop\Vision Proj\raw\taper_smooth\42.jpg,447,447,1.0,False,8a1a1b14dfb133c6ac5404da1ee6b1d8a0e3cef5af4b87a6a42ce87f2ea8063b,4c68716969696971,False,,True,pg_taper_smooth_035,train
taper_smooth_43,taper_smooth,43.jpg,taper_smooth/43.jpg,C:\Users\한국전파진흥협회\Desktop\Vision Proj\raw\taper_smooth\43.jpg,225,225,1.0,True,e2a1d250d5e09164ada9479e9c0d1a38ce4e16fd487f0aa716ecd2f860b158f7,7069717168707030,False,,True,pg_taper_smooth_036,train
taper_smooth_44,taper_smooth,44.jpg,taper_smooth/44.jpg,C:\Users\한국전파진흥협회\Desktop\Vision Proj\raw\taper_smooth\44.jpg,192,263,0.73,True,62325a9cd401f5c408648053aa2f2c0c4d7b9d932b81ef3669eb8e272a21bc1c,61ccd8fc7c797939,False,,True,pg_taper_smooth_037,val
taper_smooth_45,taper_smooth,45.jpg,taper_smooth/45.jpg,C:\Users\한국전파진흥협회\Desktop\Vision Proj\raw\taper_smooth\45.jpg,554,554,1.0,False,26a6342821e3f8d66ed19ea7bbf4e99d18389ce2bd3dc21aafb4d4b8c486503d,e8e84c6969696969,False,,True,pg_taper_smooth_038,train
taper_smooth_46,taper_smooth,46.jpg,taper_smooth/46.jpg,C:\Users\한국전파진흥협회\Desktop\Vision Proj\raw\taper_smooth\46.jpg,447,447,1.0,False,2d32db147fbb2705cbc86a5e29afd94432687832c23c668c38c2bde265e68eac,65e45869697979f0,False,,True,pg_taper_smooth_039,train
taper_smooth_47,taper_smooth,47.jpg,taper_smooth/47.jpg,C:\Users\한국전파진흥협회\Desktop\Vision Proj\raw\taper_smooth\47.jpg,205,246,0.833,True,977fa6abc862f379530c398785e3bf9d8b3e9afa022badc245531367a998fef9,a1a54a50564c0486,False,,True,pg_taper_smooth_040,val
taper_smooth_48,taper_smooth,48.jpg,taper_smooth/48.jpg,C:\Users\한국전파진흥협회\Desktop\Vision Proj\raw\taper_smooth\48.jpg,447,447,1.0,False,1264cb1cd59ec43eeeaf8e9ef983491f54983f44f8deb3072fe22e1ba35382cd,7969616161616070,False,,True,pg_taper_smooth_041,train
taper_smooth_49,taper_smooth,49.jpg,taper_smooth/49.jpg,C:\Users\한국전파진흥협회\Desktop\Vision Proj\raw\taper_smooth\49.jpg,447,447,1.0,False,116031419fbca29ba18ee69f4167b8a7fd01b6c92edd63e56811de0c7bae3c99,ccec686969696969,False,,True,pg_taper_smooth_042,train
taper_smooth_5,taper_smooth,5.jpg,taper_smooth/5.jpg,C:\Users\한국전파진흥협회\Desktop\Vision Proj\raw\taper_smooth\5.jpg,500,500,1.0,False,88f48b65d461105713b93a7a4a218159fa9e75f4e375a29f99a9778eee4b14bd,0816717130303232,False,,True,pg_taper_smooth_043,train
taper_smooth_50,taper_smooth,50.jpg,taper_smooth/50.jpg,C:\Users\한국전파진흥협회\Desktop\Vision Proj\raw\taper_smooth\50.jpg,196,257,0.763,True,e9923c862a7752fdd362d60ab01ce067a3aec431ef7c13642109efb9fc07a8cc,b0f9d9d9f9f9f072,False,,True,pg_taper_smooth_044,train
taper_smooth_51,taper_smooth,51.jpg,taper_smooth/51.jpg,C:\Users\한국전파진흥협회\Desktop\Vision Proj\raw\taper_smooth\51.jpg,167,302,0.553,True,13544320e7c5b13eb09a6daa5625a22e380957240439747bb254e306762e1770,f0a6a6e6c4c0c4e0,False,,True,pg_taper_smooth_045,train
taper_smooth_52,taper_smooth,52.jpg,taper_smooth/52.jpg,C:\Users\한국전파진흥협회\Desktop\Vision Proj\raw\taper_smooth\52.jpg,447,447,1.0,False,53508bc06c22ea5edd09f3efd4da68e1b022b4220c99e04f181eb61f80e9fa3a,7069696969697030,False,,True,pg_taper_smooth_046,val
taper_smooth_53,taper_smooth,53.jpg,taper_smooth/53.jpg,C:\Users\한국전파진흥협회\Desktop\Vision Proj\raw\taper_smooth\53.jpg,447,447,1.0,False,31574e2c35c33e664527d4561aa5769a92241c4e4f008465a76b609689d70479,61e8687969696970,False,,True,pg_taper_smooth_047,val
taper_smooth_54,taper_smooth,54.jpg,taper_smooth/54.jpg,C:\Users\한국전파진흥협회\Desktop\Vision Proj\raw\taper_smooth\54.jpg,225,225,1.0,True,912e2f5a942fe6f9b70e9e8f0be0cc96c8ad745a95200748ba06fbf37f657f59,0079793939393938,False,,True,pg_taper_smooth_048,train
taper_smooth_55,taper_smooth,55.jpg,taper_smooth/55.jpg,C:\Users\한국전파진흥협회\Desktop\Vision Proj\raw\taper_smooth\55.jpg,447,447,1.0,False,bbbf76c1b8d93a667b1463f11bab670b01c76ac25b5be59b4bbd38e5373ab0a6,61687869697979b0,False,,True,pg_taper_smooth_049,train
taper_smooth_56,taper_smooth,56.jpg,taper_smooth/56.jpg,C:\Users\한국전파진흥협회\Desktop\Vision Proj\raw\taper_smooth\56.jpg,176,176,1.0,True,2433e1a4cd3811134c0ad3895e83702298129469a40cd3c3cb410496359db13c,d8d4f06871796969,False,,True,pg_taper_smooth_050,train
taper_smooth_57,taper_smooth,57.jpg,taper_smooth/57.jpg,C:\Users\한국전파진흥협회\Desktop\Vision Proj\raw\taper_smooth\57.jpg,194,259,0.749,True,a65af6c328bc08977869b22c7bb77d82c9ae380cad37f483353b6765729bb444,e2ed92c3e1e2c7c5,False,,True,pg_taper_smooth_051,train
taper_smooth_58,taper_smooth,58.jpg,taper_smooth/58.jpg,C:\Users\한국전파진흥협회\Desktop\Vision Proj\raw\taper_smooth\58.jpg,206,245,0.841,True,88fb9dd006f113059e44291b157d469b65a8974581edf29d3f76cdbf2248d3d8,e0ccdcdcfc696979,False,,True,pg_taper_smooth_052,train
taper_smooth_59,taper_smooth,59.jpg,taper_smooth/59.jpg,C:\Users\한국전파진흥협회\Desktop\Vision Proj\raw\taper_smooth\59.jpg,188,268,0.701,True,3f02697979d6ba078d55fe83206a0026c8f946676ca59fd922b9cdb18b553b37,90d9d9d9d9d9f820,False,,True,pg_taper_smooth_053,train
taper_smooth_6,taper_smooth,6.jpg,taper_smooth/6.jpg,C:\Users\한국전파진흥협회\Desktop\Vision Proj\raw\taper_smooth\6.jpg,300,300,1.0,False,8b379e5a682c1113a11f89a281234db7c8c29e4bdd07cbbd7205c4c5e88182db,689671717171b232,False,,True,pg_taper_smooth_054,train
taper_smooth_60,taper_smooth,60.jpg,taper_smooth/60.jpg,C:\Users\한국전파진흥협회\Desktop\Vision Proj\raw\taper_smooth\60.jpg,225,225,1.0,True,97113afe3742ccb8f67c055f4f04abfaac9e4496871eabcee884f900ce400061,0069697170727200,False,,True,pg_taper_smooth_055,val
taper_smooth_61,taper_smooth,61.jpg,taper_smooth/61.jpg,C:\Users\한국전파진흥협회\Desktop\Vision Proj\raw\taper_smooth\61.jpg,225,225,1.0,True,48e6151d31a4f831abe171ac79acadad911e3f64b35ec87db675e27d999990f4,cc4c696969696969,False,,True,pg_taper_smooth_042,train
taper_smooth_62,taper_smooth,62.jpg,taper_smooth/62.jpg,C:\Users\한국전파진흥협회\Desktop\Vision Proj\raw\taper_smooth\62.jpg,225,225,1.0,True,64718d5c09d9fdcfc39a120e0b392eb29da72f7772bfd11780ad02dda5fde4fc,4d5d597878d8d8f8,False,,True,pg_taper_smooth_056,train
taper_smooth_63,taper_smooth,63.jpg,taper_smooth/63.jpg,C:\Users\한국전파진흥협회\Desktop\Vision Proj\raw\taper_smooth\63.jpg,225,225,1.0,True,3c50f7cb9d1a985555382a243d5de4a872979fbfbd1479b264fffa0cc95cbbf0,69696969697171b0,False,,True,pg_taper_smooth_014,val
taper_smooth_64,taper_smooth,64.jpg,taper_smooth/64.jpg,C:\Users\한국전파진흥협회\Desktop\Vision Proj\raw\taper_smooth\64.jpg,447,447,1.0,False,22be0c67c6b3163cee7aa61b7978aaa2c7ebf3ec68d990bd42b8c3b2ed067652,7071797979797870,False,,True,pg_taper_smooth_057,train
taper_smooth_65,taper_smooth,65.jpg,taper_smooth/65.jpg,C:\Users\한국전파진흥협회\Desktop\Vision Proj\raw\taper_smooth\65.jpg,205,246,0.833,True,6ce3c8f0bde07c3ad3171117e01ee209de21fa751f6ac3408da1ddd57c0282c9,0079797979797900,False,,True,pg_taper_smooth_058,train
taper_smooth_66,taper_smooth,66.jpg,taper_smooth/66.jpg,C:\Users\한국전파진흥협회\Desktop\Vision Proj\raw\taper_smooth\66.jpg,495,450,1.1,False,edc9dde432968d14ea380b54dd6fcd642da5f08a4c0b62fcbd543bb700cf03cd,042079393939ba12,False,,True,pg_taper_smooth_059,train
taper_smooth_67,taper_smooth,67.jpg,taper_smooth/67.jpg,C:\Users\한국전파진흥협회\Desktop\Vision Proj\raw\taper_smooth\67.jpg,517,485,1.066,False,539c7811266718798cee123a7f304a326d29d4deab2dd815890b1f8e44d3502c,207a7a727a727272,False,,True,pg_taper_smooth_060,train
taper_smooth_68,taper_smooth,68.jpg,taper_smooth/68.jpg,C:\Users\한국전파진흥협회\Desktop\Vision Proj\raw\taper_smooth\68.jpg,521,475,1.097,False,a179aee114bfec136cdafdad72b447d515d424033912d3eb7aae75bcd97ffb5f,26b139b1b9b9b212,False,,True,pg_taper_smooth_061,val
taper_smooth_69,taper_smooth,69.jpg,taper_smooth/69.jpg,C:\Users\한국전파진흥협회\Desktop\Vision Proj\raw\taper_smooth\69.jpg,552,500,1.104,False,b7592733775281497710c495360ea47acba5d922bc23225beccc79322f93ecd4,322830b2b2b2b2b2,False,,True,pg_taper_smooth_062,train
taper_smooth_7,taper_smooth,7.jpg,taper_smooth/7.jpg,C:\Users\한국전파진흥협회\Desktop\Vision Proj\raw\taper_smooth\7.jpg,800,1000,0.8,False,ca2724eec563ea43d8525c675f16a0c20f26502097f7c3638ad5c3aa143081b9,067171b0b2b2b204,False,,True,pg_taper_smooth_063,train
taper_smooth_70,taper_smooth,70.jpg,taper_smooth/70.jpg,C:\Users\한국전파진흥협회\Desktop\Vision Proj\raw\taper_smooth\70.jpg,577,501,1.152,False,cb76163fbd3552abacbeb94b07de7f9e62e2cb2026ad0737247fce55eed9ccca,2432727232b2b2b2,False,,True,pg_taper_smooth_064,train
taper_smooth_71,taper_smooth,71.jpg,taper_smooth/71.jpg,C:\Users\한국전파진흥협회\Desktop\Vision Proj\raw\taper_smooth\71.jpg,506,465,1.088,False,6d3b0287cea4fc9c948ec26da5a48c3518ab98080bb78642121ea3a76c758563,246279797a7a3232,False,,True,pg_taper_smooth_065,train
taper_smooth_72,taper_smooth,72.jpg,taper_smooth/72.jpg,C:\Users\한국전파진흥협회\Desktop\Vision Proj\raw\taper_smooth\72.jpg,582,505,1.152,False,c845955fb7c5abf5c6af740e958571e776c99793ed407f09b72b9dd39a205151,0c32b2323232b230,False,,True,pg_taper_smooth_066,train
taper_smooth_73,taper_smooth,73.jpg,taper_smooth/73.jpg,C:\Users\한국전파진흥협회\Desktop\Vision Proj\raw\taper_smooth\73.jpg,542,507,1.069,False,c618cfa12f9ddf745889b617837780c9766d59040b0ef3fe8eb9637ff2bbebd4,042269723a3a3232,False,,True,pg_taper_smooth_067,train
taper_smooth_74,taper_smooth,74.jpg,taper_smooth/74.jpg,C:\Users\한국전파진흥협회\Desktop\Vision Proj\raw\taper_smooth\74.jpg,541,500,1.082,False,f9fba8bab395dcd90454265015a6c14946645f4181b7727dc258ac91be859b9f,1438b230b2b2b232,False,,True,pg_taper_smooth_068,train
taper_smooth_75,taper_smooth,75.jpg,taper_smooth/75.jpg,C:\Users\한국전파진흥협회\Desktop\Vision Proj\raw\taper_smooth\75.jpg,520,492,1.057,False,956fcdbb1fb1adc587dfdcd19e5ec0e2cb3b4c3d713277418a5bc220a6fe8a2c,2462727272727232,False,,True,pg_taper_smooth_069,train
taper_smooth_76,taper_smooth,76.jpg,taper_smooth/76.jpg,C:\Users\한국전파진흥협회\Desktop\Vision Proj\raw\taper_smooth\76.jpg,505,490,1.031,False,2a1428800f50433823129dbd8895377ed44b5ccff3de20b0973a2f2fb4683df0,60797939b2b2b214,False,,True,pg_taper_smooth_070,train
taper_smooth_77,taper_smooth,77.jpg,taper_smooth/77.jpg,C:\Users\한국전파진흥협회\Desktop\Vision Proj\raw\taper_smooth\77.jpg,515,495,1.04,False,a673ffbd75ac203ba576da0c6ec68d1fbaf7f3a2a0e4d265338b5903f1ec8671,32a9b9b9b1b0b232,False,,True,pg_taper_smooth_071,train
taper_smooth_78,taper_smooth,78.jpg,taper_smooth/78.jpg,C:\Users\한국전파진흥협회\Desktop\Vision Proj\raw\taper_smooth\78.jpg,507,502,1.01,False,937a5ac7dc870f58105aa7824583f625587497da682ac9499099aae495eccf08,2472727272723232,False,,True,pg_taper_smooth_069,train
taper_smooth_79,taper_smooth,79.jpg,taper_smooth/79.jpg,C:\Users\한국전파진흥협회\Desktop\Vision Proj\raw\taper_smooth\79.jpg,1227,807,1.52,False,81b75560397c0db6057e8a8f4c0ffeb726a83a44ab43dab9fcdf403b65aba29f,6060706c64606c60,False,,True,pg_taper_smooth_072,train
taper_smooth_8,taper_smooth,8.jpg,taper_smooth/8.jpg,C:\Users\한국전파진흥협회\Desktop\Vision Proj\raw\taper_smooth\8.jpg,283,419,0.675,True,4034029bb6a9814add8e0ef9f23850cc99617fb03a692e17c9786911f606f6fd,f4e5e9e9e9e96971,False,,True,pg_taper_smooth_073,train
taper_smooth_80,taper_smooth,80.jpg,taper_smooth/80.jpg,C:\Users\한국전파진흥협회\Desktop\Vision Proj\raw\taper_smooth\80.jpg,292,336,0.869,True,de8fb2ca21bc78482db087ecfcbae3279c5d583734e6549347138a364c05f55a,006060606060b0b1,False,,True,pg_taper_smooth_074,train
taper_smooth_81,taper_smooth,81.jpg,taper_smooth/81.jpg,C:\Users\한국전파진흥협회\Desktop\Vision Proj\raw\taper_smooth\81.jpg,1005,731,1.375,False,e7209cbdb7b1ddb99bd774bfa9589006054a94a1d1a441533437cf5cb2e6f730,b2aaa8a8a9aab2b2,False,,True,pg_taper_smooth_075,train
taper_smooth_82,taper_smooth,82.jpg,taper_smooth/82.jpg,C:\Users\한국전파진흥협회\Desktop\Vision Proj\raw\taper_smooth\82.jpg,711,627,1.134,False,1c1e3c9cd6c71f6db9ee8eeb5c07bb5fddb934425c28df61473ad1c9235ae9f1,73338f173727cf4f,False,,True,pg_taper_smooth_076,val
taper_smooth_83,taper_smooth,83.jpg,taper_smooth/83.jpg,C:\Users\한국전파진흥협회\Desktop\Vision Proj\raw\taper_smooth\83.jpg,605,487,1.242,False,54bebc3bf1b19720e2e4449ad3589d907976bd7b40f7e63a0921fab8cc609a9d,273434343434a4e4,False,,True,pg_taper_smooth_077,train
taper_smooth_84,taper_smooth,84.jpg,taper_smooth/84.jpg,C:\Users\한국전파진흥협회\Desktop\Vision Proj\raw\taper_smooth\84.jpg,437,382,1.144,False,d73fdef778e4aa5886eb7320abbdf9683acefdb16b5bdf2bb3480b27171369cc,e292b1b1b1b1b1f0,False,,True,pg_taper_smooth_078,train
taper_smooth_85,taper_smooth,85.jpg,taper_smooth/85.jpg,C:\Users\한국전파진흥협회\Desktop\Vision Proj\raw\taper_smooth\85.jpg,315,331,0.952,False,f694ac90818fe2f6f627d26f243e2cee740be9983836d5c6ae81605be7931a46,00c2c2c2c2c2c2e0,False,,True,pg_taper_smooth_079,train
taper_smooth_86,taper_smooth,86.jpg,taper_smooth/86.jpg,C:\Users\한국전파진흥협회\Desktop\Vision Proj\raw\taper_smooth\86.jpg,542,565,0.959,False,7fbae843b3702a71cf15931fb75387ab4008e6d36ec020f7bc93d58550c49105,7169446068686830,False,,True,pg_taper_smooth_080,train
taper_smooth_87,taper_smooth,87.jpg,taper_smooth/87.jpg,C:\Users\한국전파진흥협회\Desktop\Vision Proj\raw\taper_smooth\87.jpg,497,492,1.01,False,8c5fcb1228b5dad30cbe0a9b05691c3f3551088c3f01cfc8360e434572d9a3fc,2962660606666425,False,,True,pg_taper_smooth_081,val
taper_smooth_88,taper_smooth,88.jpg,taper_smooth/88.jpg,C:\Users\한국전파진흥협회\Desktop\Vision Proj\raw\taper_smooth\88.jpg,786,737,1.066,False,51aecaed8644cc60c125e0d79847303c43e36c00bcaf7e278c3412f297822499,7061696968606272,False,,True,pg_taper_smooth_082,train
taper_smooth_89,taper_smooth,89.jpg,taper_smooth/89.jpg,C:\Users\한국전파진흥협회\Desktop\Vision Proj\raw\taper_smooth\89.jpg,541,567,0.954,False,056ba3001740e93d403e7ecc032c683a99ac56da54ad0351bd5cdda8b4749751,7161616161616170,False,,True,pg_taper_smooth_041,train
taper_smooth_9,taper_smooth,9.jpg,taper_smooth/9.jpg,C:\Users\한국전파진흥협회\Desktop\Vision Proj\raw\taper_smooth\9.jpg,1000,1000,1.0,False,088fb690646769f779ca844de899080ab1d97aabb9f290029e8c6e59bb47b084,4cb27032b2b2b24c,False,,True,pg_taper_smooth_083,train
taper_smooth_90,taper_smooth,90.jpg,taper_smooth/90.jpg,C:\Users\한국전파진흥협회\Desktop\Vision Proj\raw\taper_smooth\90.jpg,757,731,1.036,False,6cc5ef26bfdc1cb87ee7b29cf10101d43ebbf66eb44e6420ad946dd455dc3604,7061616160707272,False,,True,pg_taper_smooth_084,train
taper_smooth_91,taper_smooth,91.jpg,taper_smooth/91.jpg,C:\Users\한국전파진흥협회\Desktop\Vision Proj\raw\taper_smooth\91.jpg,457,485,0.942,False,a7eca90ae2621a4157aa8475a27a8840eb8a8a21a88758060cfdc7b08aae173b,7474606060602131,False,,True,pg_taper_smooth_085,train
taper_smooth_92,taper_smooth,92.jpg,taper_smooth/92.jpg,C:\Users\한국전파진흥협회\Desktop\Vision Proj\raw\taper_smooth\92.jpg,627,612,1.025,False,8c1df04a3d68336466ef89d3018a098c90147064168caeab1c56b2e07ba87bf7,6069696968686070,False,,True,pg_taper_smooth_086,train
taper_smooth_93,taper_smooth,93.jpg,taper_smooth/93.jpg,C:\Users\한국전파진흥협회\Desktop\Vision Proj\raw\taper_smooth\93.jpg,1097,786,1.396,False,d582b393c25767c4a7cfdfadf9b2b300d78d37b95ae8ca051adf9ce938f3323b,ccd6e4c4c6d4f4f0,False,,True,pg_taper_smooth_087,train
taper_smooth_94,taper_smooth,94.jpg,taper_smooth/94.jpg,C:\Users\한국전파진흥협회\Desktop\Vision Proj\raw\taper_smooth\94.jpg,521,585,0.891,False,d849c568f63e247d0ffc16db129ecf5802772040bf45b4ee7885dc03edf342de,6969696960686870,False,,True,pg_taper_smooth_086,train
taper_smooth_95,taper_smooth,95.jpg,taper_smooth/95.jpg,C:\Users\한국전파진흥협회\Desktop\Vision Proj\raw\taper_smooth\95.jpg,577,661,0.873,False,ffbd515a2f209afe53904646cf14865e05a00a13da862ddc64dae6f0a62bfde3,6168707070707068,False,,True,pg_taper_smooth_088,train
taper_smooth_96,taper_smooth,96.jpg,taper_smooth/96.jpg,C:\Users\한국전파진흥협회\Desktop\Vision Proj\raw\taper_smooth\96.jpg,457,425,1.075,False,39ab131a2a06a83459d3bf9c47306a1360f46969f34d69e845a983175700b72b,0014195959590800,False,,True,pg_taper_smooth_089,train
taper_smooth_97,taper_smooth,97.jpg,taper_smooth/97.jpg,C:\Users\한국전파진흥협회\Desktop\Vision Proj\raw\taper_smooth\97.jpg,541,477,1.134,False,fcd1bbaac3631ab1b5871bb8dbf9f4b4615829ece0f2be1a7542ba51ecec71a6,717979797939b8b8,False,,True,pg_taper_smooth_090,train
taper_smooth_98,taper_smooth,98.jpg,taper_smooth/98.jpg,C:\Users\한국전파진흥협회\Desktop\Vision Proj\raw\taper_smooth\98.jpg,511,545,0.938,False,48acda7cb7fee164099d4317b7fccb11c13544caaae4e555aae84a70529ebbe0,6c7d797979797878,False,,True,pg_taper_smooth_091,train
taper_smooth_99,taper_smooth,99.jpg,taper_smooth/99.jpg,C:\Users\한국전파진흥협회\Desktop\Vision Proj\raw\taper_smooth\99.jpg,576,592,0.973,False,b0b6659a42b67362ebc8fed62208f414019183740c39dac191358425fb225391,58626666662626e6,False,,True,pg_taper_smooth_092,train
taper_step_1,taper_step,1.jpg,taper_step/1.jpg,C:\Users\한국전파진흥협회\Desktop\Vision Proj\raw\taper_step\1.jpg,450,450,1.0,False,2bfe18766bd58e5b392440426fd18f516774528311168a189b1ada2b8a65e474,003070f0f0f2b230,False,,True,pg_taper_step_001,train
taper_step_10,taper_step,10.jpg,taper_step/10.jpg,C:\Users\한국전파진흥협회\Desktop\Vision Proj\raw\taper_step\10.jpg,554,554,1.0,False,807f82e319bc0d0dfd8d5615a2bb8cace437e09d4d99cde35be6849c341ea7c6,4010f2526a721220,False,,True,pg_taper_step_002,train
taper_step_100,taper_step,100.jpg,taper_step/100.jpg,C:\Users\한국전파진흥협회\Desktop\Vision Proj\raw\taper_step\100.jpg,297,316,0.94,True,2a9b38fd68cd462abcd5c2d07a916250ee1dd0fe3f1f01d9c62b5c6941051120,78f9b9f979383a32,False,,True,pg_taper_step_003,train
taper_step_101,taper_step,101.jpg,taper_step/101.jpg,C:\Users\한국전파진흥협회\Desktop\Vision Proj\raw\taper_step\101.jpg,582,577,1.009,False,35d5d8424466b8c68a71a1be162194b698023aad9ca6b2162bc4a66591557bcb,7161686060303030,False,,True,pg_taper_step_004,train
taper_step_102,taper_step,102.jpg,taper_step/102.jpg,C:\Users\한국전파진흥협회\Desktop\Vision Proj\raw\taper_step\102.jpg,280,402,0.697,True,1c7a3c358fde94139388dd3724edc22af801b587fac4078461b1f2077a02227e,70f06070f0617171,False,,True,pg_taper_step_005,train
taper_step_103,taper_step,103.jpg,taper_step/103.jpg,C:\Users\한국전파진흥협회\Desktop\Vision Proj\raw\taper_step\103.jpg,596,616,0.968,False,0d47d6ffea9c27bde8085e40df1b1928ffeeb6dfedc3512612f47de03ccea423,7034f2f2f2f232f0,False,,True,pg_taper_step_006,val
taper_step_104,taper_step,104.jpg,taper_step/104.jpg,C:\Users\한국전파진흥협회\Desktop\Vision Proj\raw\taper_step\104.jpg,647,675,0.959,False,127e68c571295a0dcb941cd2442deb77c3867a73924189d514e910f9302989ed,6860606060606060,False,,True,pg_taper_step_007,train
taper_step_105,taper_step,105.jpg,taper_step/105.jpg,C:\Users\한국전파진흥협회\Desktop\Vision Proj\raw\taper_step\105.jpg,607,602,1.008,False,e44cb7dba203557d075679769b69eece25a208ab800dd4ef3f5e018f04a1dd02,6878787878b2b2b2,False,,True,pg_taper_step_008,train
taper_step_106,taper_step,106.jpg,taper_step/106.jpg,C:\Users\한국전파진흥협회\Desktop\Vision Proj\raw\taper_step\106.jpg,265,337,0.786,True,21bc09cec82cdb6b09da761d424c9478951fb8673238de52e4bbd454a80cd67b,6161616161616160,False,,True,pg_taper_step_009,train
taper_step_107,taper_step,107.jpg,taper_step/107.jpg,C:\Users\한국전파진흥협회\Desktop\Vision Proj\raw\taper_step\107.jpg,506,450,1.124,False,44fb8ed7b92a593e8a8a022a90f4bd2074585f1f094d4fe53d016956eac7cb98,b1f1f1f1f1b0b030,False,,True,pg_taper_step_010,val
taper_step_108,taper_step,108.jpg,taper_step/108.jpg,C:\Users\한국전파진흥협회\Desktop\Vision Proj\raw\taper_step\108.jpg,555,581,0.955,False,c98125cbad38dad57b4484f0b196c1c3631c2b1e5b4c776615ac25747365b5a5,786969617170b0b2,False,,True,pg_taper_step_011,train
taper_step_109,taper_step,109.jpg,taper_step/109.jpg,C:\Users\한국전파진흥협회\Desktop\Vision Proj\raw\taper_step\109.jpg,540,541,0.998,False,ee24685e9bbfeebf04f46087157f795c97f7f734d7838e520344322c2072e9b7,70f999d979383838,False,,True,pg_taper_step_012,val
taper_step_11,taper_step,11.jpg,taper_step/11.jpg,C:\Users\한국전파진흥협회\Desktop\Vision Proj\raw\taper_step\11.jpg,554,554,1.0,False,a7bc113a964a5dceea872c73210013f6b6d80cc3d27d7932bccabb5412fcdeff,0018797979381818,False,,True,pg_taper_step_013,val
taper_step_12,taper_step,12.jpg,taper_step/12.jpg,C:\Users\한국전파진흥협회\Desktop\Vision Proj\raw\taper_step\12.jpg,430,500,0.86,False,ec92fae768b0e9d8d546b039ffc98939a68d0e27106af4aa52f1d8070a8de6c3,084d0c0c0c4d4d00,False,,True,pg_taper_step_014,train
taper_step_13,taper_step,13.jpg,taper_step/13.jpg,C:\Users\한국전파진흥협회\Desktop\Vision Proj\raw\taper_step\13.jpg,407,491,0.829,False,60e109ce19b17eaa3a072abd1c6980d276f92c74cbf7f90e6f2398b86cb03645,0030f8b8f8f8b2b2,False,,True,pg_taper_step_015,train
taper_step_14,taper_step,14.jpg,taper_step/14.jpg,C:\Users\한국전파진흥협회\Desktop\Vision Proj\raw\taper_step\14.jpg,500,500,1.0,False,311fe9c2b99481b49d69ce83e65770f7e17fa65c940847ab008b9aaba651af50,3871f0e0f0b0b030,False,,True,pg_taper_step_016,train
taper_step_15,taper_step,15.jpg,taper_step/15.jpg,C:\Users\한국전파진흥협회\Desktop\Vision Proj\raw\taper_step\15.jpg,1000,1000,1.0,False,40956640e780d227b71c091cb3c263a351c448175b647d0075ceb40fc14fbe8a,4430704460b2f272,False,,True,pg_taper_step_017,train
taper_step_16,taper_step,16.jpg,taper_step/16.jpg,C:\Users\한국전파진흥협회\Desktop\Vision Proj\raw\taper_step\16.jpg,800,800,1.0,False,60ebc02134d85897cd14ea162d931c1c502159bedd32e2fe41e6a524369550df,1070e8f0f0f0b2b2,False,,True,pg_taper_step_018,train
taper_step_17,taper_step,17.jpg,taper_step/17.jpg,C:\Users\한국전파진흥협회\Desktop\Vision Proj\raw\taper_step\17.jpg,850,1133,0.75,False,cb196c3e475f6f221c163a7d5813db123306751cee51501dbf0697f46596f4ef,0960a0a1e131e131,False,,True,pg_taper_step_019,train
taper_step_18,taper_step,18.jpg,taper_step/18.jpg,C:\Users\한국전파진흥협회\Desktop\Vision Proj\raw\taper_step\18.jpg,750,750,1.0,False,ec5d11db991d2e270a2d702224dfe8ce477560258abfbdd445ea21421371e70c,4839715979f91939,False,,True,pg_taper_step_020,train
taper_step_19,taper_step,19.jpg,taper_step/19.jpg,C:\Users\한국전파진흥협회\Desktop\Vision Proj\raw\taper_step\19.jpg,900,940,0.957,False,f9b743def5dff6138f298b0808250532adec61cd41958e6a110eca3df6b08874,1030e0e0e0f2b2b2,False,,True,pg_taper_step_021,train
taper_step_2,taper_step,2.jpg,taper_step/2.jpg,C:\Users\한국전파진흥협회\Desktop\Vision Proj\raw\taper_step\2.jpg,1200,1440,0.833,False,9b32a6b2c478cc4c96c744c1f0e87e58178b105c45774e1d889ffd25d7717be8,1030f8d8d8783a32,False,,True,pg_taper_step_022,train
taper_step_20,taper_step,20.jpg,taper_step/20.jpg,C:\Users\한국전파진흥협회\Desktop\Vision Proj\raw\taper_step\20.jpg,447,447,1.0,False,6f237af947e74d8e0076f9b126b197b04f419560edb6fcacefdd45c18d125575,4839795979791939,False,,True,pg_taper_step_020,train
taper_step_21,taper_step,21.jpg,taper_step/21.jpg,C:\Users\한국전파진흥협회\Desktop\Vision Proj\raw\taper_step\21.jpg,447,447,1.0,False,9970f7ea63a5b9df0d260a8f4ddef242e31e018b57d0f441affe5ddf9d8d0d72,1030687a7032b230,False,,True,pg_taper_step_023,val
taper_step_22,taper_step,22.jpg,taper_step/22.jpg,C:\Users\한국전파진흥협회\Desktop\Vision Proj\raw\taper_step\22.jpg,187,269,0.695,True,9ae7760c78f63f8cbc505920620deede61dd6f0e5e31c1bce635c84c1325da2f,92fa58fa3206d69e,False,,True,pg_taper_step_024,train
taper_step_23,taper_step,23.jpg,taper_step/23.jpg,C:\Users\한국전파진흥협회\Desktop\Vision Proj\raw\taper_step\23.jpg,447,447,1.0,False,e1a511ac0081500645395cf1c7bdd2369eee30c777b3ab64c665a9d0e286b06a,18f9795979395918,False,,True,pg_taper_step_025,train
taper_step_24,taper_step,24.jpg,taper_step/24.jpg,C:\Users\한국전파진흥협회\Desktop\Vision Proj\raw\taper_step\24.jpg,447,447,1.0,False,213b5b134ae32904c04403a85ebbe1f3a2c03a3035fc50f32d293594a366f033,625844545c707070,False,,True,pg_taper_step_026,train
taper_step_25,taper_step,25.jpg,taper_step/25.jpg,C:\Users\한국전파진흥협회\Desktop\Vision Proj\raw\taper_step\25.jpg,554,554,1.0,False,4d407e007c609c835f1248dccef5deb4c177539e919055cbcea518d4203c1ee4,2010796969381838,False,,True,pg_taper_step_027,train
taper_step_26,taper_step,26.jpg,taper_step/26.jpg,C:\Users\한국전파진흥협회\Desktop\Vision Proj\raw\taper_step\26.jpg,205,246,0.833,True,8c654df0e7b311b819bfb8636152dd8e848bf12ac0ab28dcc6c3919adff31ed0,1878d9d9f9b9b919,False,,True,pg_taper_step_028,train
taper_step_27,taper_step,27.jpg,taper_step/27.jpg,C:\Users\한국전파진흥협회\Desktop\Vision Proj\raw\taper_step\27.jpg,399,501,0.796,False,7d9dec93e22c1ee58e11e21f7835ef344d2abadc663375c3d1282201693bfe75,1e1e317959793938,False,,True,pg_taper_step_029,train
taper_step_28,taper_step,28.jpg,taper_step/28.jpg,C:\Users\한국전파진흥협회\Desktop\Vision Proj\raw\taper_step\28.jpg,225,225,1.0,True,1264b34432ae177af7ecc7621a55788c4e781f7d20173ebee9851f908af68a87,4838fcd8f8b93939,False,,True,pg_taper_step_030,val
taper_step_29,taper_step,29.jpg,taper_step/29.jpg,C:\Users\한국전파진흥협회\Desktop\Vision Proj\raw\taper_step\29.jpg,447,447,1.0,False,dc49bc60a4b30f3264fe80b256e6d85c0269d27c6d9d6c36858e892a143a8f6b,b8f9d9d979b9f939,False,,True,pg_taper_step_031,train
taper_step_3,taper_step,3.jpg,taper_step/3.jpg,C:\Users\한국전파진흥협회\Desktop\Vision Proj\raw\taper_step\3.jpg,1200,1440,0.833,False,137bbf5ab5c45fcd75f4d2409e14c4bb1eb5e84283756cc3ec3cfe98db26c9f7,4030f0d8d8f8b272,False,,True,pg_taper_step_032,train
taper_step_30,taper_step,30.jpg,taper_step/30.jpg,C:\Users\한국전파진흥협회\Desktop\Vision Proj\raw\taper_step\30.jpg,447,447,1.0,False,a462c35c471a504b201e3135ecac0862b6d436fa26aa2043cfe126f93631739c,17e7c084c6c3e7e6,False,,True,pg_taper_step_033,train
taper_step_31,taper_step,31.jpg,taper_step/31.jpg,C:\Users\한국전파진흥협회\Desktop\Vision Proj\raw\taper_step\31.jpg,223,226,0.987,True,90c187d409400f4ea340f8a45fb0577be02f3972c8a6d5a222574c6434042d00,947a7a7ab29224ca,False,,True,pg_taper_step_034,train
taper_step_32,taper_step,32.jpg,taper_step/32.jpg,C:\Users\한국전파진흥협회\Desktop\Vision Proj\raw\taper_step\32.jpg,224,224,1.0,True,d14417bc8702cdc9f37e1c118078dbeac3836a96d8b9a9620a713b1fafc6215d,5038f9f9f979b9b9,False,,True,pg_taper_step_035,train
taper_step_33,taper_step,33.jpg,taper_step/33.jpg,C:\Users\한국전파진흥협회\Desktop\Vision Proj\raw\taper_step\33.jpg,225,225,1.0,True,217aa8b46b7ae1dd30b97bcd0379ff0234d74fd6429b46f77b12b7e26ffa7dbe,40b9795979f91979,False,,True,pg_taper_step_020,train
taper_step_34,taper_step,34.jpg,taper_step/34.jpg,C:\Users\한국전파진흥협회\Desktop\Vision Proj\raw\taper_step\34.jpg,300,300,1.0,False,11694f2e3da32c39eea70dfbeb1e281c3d4d2cffd2ac98e1fa8170fda4b05505,0831795975713939,False,,True,pg_taper_step_036,train
taper_step_35,taper_step,35.jpg,taper_step/35.jpg,C:\Users\한국전파진흥협회\Desktop\Vision Proj\raw\taper_step\35.jpg,554,554,1.0,False,b9d6f1a04a4350d7da3c58b26d6e23d446d19950ecd604d98ca02186d945dcb6,0018797979391818,False,,True,pg_taper_step_013,val
taper_step_36,taper_step,36.jpg,taper_step/36.jpg,C:\Users\한국전파진흥협회\Desktop\Vision Proj\raw\taper_step\36.jpg,447,447,1.0,False,858941cfb71e3d425d21d3237a32a5652e540a5077b413220e820acd0a95ad77,5038795979791959,False,,True,pg_taper_step_020,train
taper_step_37,taper_step,37.jpg,taper_step/37.jpg,C:\Users\한국전파진흥협회\Desktop\Vision Proj\raw\taper_step\37.jpg,225,225,1.0,True,5f49ffcf042028c60088f4e32e1fcff4b93e94df4d1ef747863fcace5546a72d,292e1e0b5b5b1bdb,False,,True,pg_taper_step_037,val
taper_step_38,taper_step,38.jpg,taper_step/38.jpg,C:\Users\한국전파진흥협회\Desktop\Vision Proj\raw\taper_step\38.jpg,447,447,1.0,False,ac7d292f4181289a456531bc2d91101900f01687b7cd9cb2d9dbbd3d70ed96b0,0039795969791939,False,,True,pg_taper_step_020,train
taper_step_39,taper_step,39.jpg,taper_step/39.jpg,C:\Users\한국전파진흥협회\Desktop\Vision Proj\raw\taper_step\39.jpg,447,447,1.0,False,406309ce2bb07b219972996f0aa553bfbe73c67b7217718c67364e208a758402,1272727179717230,False,,True,pg_taper_step_038,train
taper_step_4,taper_step,4.jpg,taper_step/4.jpg,C:\Users\한국전파진흥협회\Desktop\Vision Proj\raw\taper_step\4.jpg,430,500,0.86,False,64982d8d59876c7f8f47374e29f5b417fa8ab05615156f064fd9808f7943b291,240f060e0e86060c,False,,True,pg_taper_step_039,train
taper_step_40,taper_step,40.jpg,taper_step/40.jpg,C:\Users\한국전파진흥협회\Desktop\Vision Proj\raw\taper_step\40.jpg,447,447,1.0,False,0d04031a03358341ba7fd9eadba826d973fe385ae6a33ecf50d5c9d14a5f9c77,0039795949791939,False,,True,pg_taper_step_020,train
taper_step_41,taper_step,41.jpg,taper_step/41.jpg,C:\Users\한국전파진흥협회\Desktop\Vision Proj\raw\taper_step\41.jpg,447,447,1.0,False,499b929578ea094e7a4d4e1f700c44f77eb69ff748100078a3e568a2fa3b742f,1070697169687030,False,,True,pg_taper_step_040,train
taper_step_42,taper_step,42.jpg,taper_step/42.jpg,C:\Users\한국전파진흥협회\Desktop\Vision Proj\raw\taper_step\42.jpg,194,259,0.749,True,7b2c9bab5ca6b647feecb3d6a000ab3e9b82885d9cb901c26ccc9ae72eac46d6,00001078783a1000,False,,True,pg_taper_step_041,train
taper_step_43,taper_step,43.jpg,taper_step/43.jpg,C:\Users\한국전파진흥협회\Desktop\Vision Proj\raw\taper_step\43.jpg,300,300,1.0,False,e955fb4a24bcc9a588555f673a5b5e8393185098c23688662ad0b55a520e06aa,0870717171b2b272,False,,True,pg_taper_step_042,train
taper_step_44,taper_step,44.jpg,taper_step/44.jpg,C:\Users\한국전파진흥협회\Desktop\Vision Proj\raw\taper_step\44.jpg,194,259,0.749,True,aabb43f61f44aa8ca24459168678c6ad78786e9fb6bfbcfba68d94a045e0f4ce,30090a8cc561684c,False,,True,pg_taper_step_043,train
taper_step_45,taper_step,45.jpg,taper_step/45.jpg,C:\Users\한국전파진흥협회\Desktop\Vision Proj\raw\taper_step\45.jpg,447,447,1.0,False,9574305e13ef84e6e20c5d2262052b958f99cd339df99eced060166b464a499f,38f4b4fcf4b4b43c,False,,True,pg_taper_step_044,val
taper_step_46,taper_step,46.jpg,taper_step/46.jpg,C:\Users\한국전파진흥협회\Desktop\Vision Proj\raw\taper_step\46.jpg,428,467,0.916,False,f0f1d4aaf1b147aa9464411136c2e89143a6df8a5f48dcc15b4c7666cba04099,00f1d9d949381010,False,,True,pg_taper_step_045,train
taper_step_47,taper_step,47.jpg,taper_step/47.jpg,C:\Users\한국전파진흥협회\Desktop\Vision Proj\raw\taper_step\47.jpg,447,447,1.0,False,cbf11ddd71880cc5d49146c8a1d36e4a2ef6340e575659f5abd9380d02492e09,2028393939b93838,False,,True,pg_taper_step_046,val
taper_step_48,taper_step,48.jpg,taper_step/48.jpg,C:\Users\한국전파진흥협회\Desktop\Vision Proj\raw\taper_step\48.jpg,503,397,1.267,False,ef993836c61171454a7686027ba8be04706bc24583d39fae40afed5dcc563892,b979795979b95959,False,,True,pg_taper_step_047,train
taper_step_49,taper_step,49.jpg,taper_step/49.jpg,C:\Users\한국전파진흥협회\Desktop\Vision Proj\raw\taper_step\49.jpg,428,467,0.916,False,f0f1d4aaf1b147aa9464411136c2e89143a6df8a5f48dcc15b4c7666cba04099,00f1d9d949381010,True,taper_step_46,False,pg_taper_step_045,excluded_duplicate
taper_step_5,taper_step,5.jpg,taper_step/5.jpg,C:\Users\한국전파진흥협회\Desktop\Vision Proj\raw\taper_step\5.jpg,554,554,1.0,False,9688a455b46be1e8a26cabd4e68948aa869099bf5b7de9383975ed81aaa55439,6070797579703030,False,,True,pg_taper_step_048,train
taper_step_50,taper_step,50.jpg,taper_step/50.jpg,C:\Users\한국전파진흥협회\Desktop\Vision Proj\raw\taper_step\50.jpg,554,554,1.0,False,ec837b5eb062ae3912158d73cae3baa62af8a26702389f7bca78f8d120de0861,0818797979391838,False,,True,pg_taper_step_013,val
taper_step_51,taper_step,51.jpg,taper_step/51.jpg,C:\Users\한국전파진흥협회\Desktop\Vision Proj\raw\taper_step\51.jpg,407,491,0.829,False,57d7a94ef2c0200f5d00d998ab7d6e69ccb5fbf0441f3b3aae310afd427ba5b2,0038795979393918,False,,True,pg_taper_step_013,val
taper_step_52,taper_step,52.jpg,taper_step/52.jpg,C:\Users\한국전파진흥협회\Desktop\Vision Proj\raw\taper_step\52.jpg,300,300,1.0,False,4574b689c2cee3f03cdb95012c99db5e6e8ddcd9c22ad1b026579e281272c7aa,3010696961b2b2b2,False,,True,pg_taper_step_049,train
taper_step_53,taper_step,53.jpg,taper_step/53.jpg,C:\Users\한국전파진흥협회\Desktop\Vision Proj\raw\taper_step\53.jpg,241,321,0.751,True,acb25fca37508b49c62012fbf2531ae110c37721e3b1004de94ac1d0031cd756,127079797d797979,False,,True,pg_taper_step_050,val
taper_step_54,taper_step,54.jpg,taper_step/54.jpg,C:\Users\한국전파진흥협회\Desktop\Vision Proj\raw\taper_step\54.jpg,615,477,1.289,False,eb1890929d816a10f16e0b2bcd6e8ce7385c7b2a1c3adc3098b70fd5100e351e,32725a5a3a3a3a32,False,,True,pg_taper_step_051,train
taper_step_55,taper_step,55.jpg,taper_step/55.jpg,C:\Users\한국전파진흥협회\Desktop\Vision Proj\raw\taper_step\55.jpg,565,655,0.863,False,380ed4a2560984867f588a251b5a3671857fe8f12922b3001ba3af1d02ecc2a1,28e4e46464e46464,False,,True,pg_taper_step_052,train
taper_step_56,taper_step,56.jpg,taper_step/56.jpg,C:\Users\한국전파진흥협회\Desktop\Vision Proj\raw\taper_step\56.jpg,490,586,0.836,False,7ce246f531932b2b3a1ffcf6461a610100a886609d4d4b76fc761bfd132688fb,20e4e2e2e2e2e460,False,,True,pg_taper_step_053,train
taper_step_57,taper_step,57.jpg,taper_step/57.jpg,C:\Users\한국전파진흥협회\Desktop\Vision Proj\raw\taper_step\57.jpg,517,587,0.881,False,a3107bcd01c27bf111d76d3fb4b3ea43d61258c6727a30d248b9ccae4af57f0a,28e4e464e4e46464,False,,True,pg_taper_step_052,train
taper_step_58,taper_step,58.jpg,taper_step/58.jpg,C:\Users\한국전파진흥협회\Desktop\Vision Proj\raw\taper_step\58.jpg,497,555,0.895,False,de3d8805a6d518ba2fd9337084078a2982c037064787001399a903b04af47ac5,68e4e46474e46464,False,,True,pg_taper_step_052,train
taper_step_59,taper_step,59.jpg,taper_step/59.jpg,C:\Users\한국전파진흥협회\Desktop\Vision Proj\raw\taper_step\59.jpg,462,556,0.831,False,c8435c8e2b9c705bba9d12118525f22a6ff63d5d26848957824f28a3e4f0a25f,2ce2f27272f27474,False,,True,pg_taper_step_054,train
taper_step_6,taper_step,6.jpg,taper_step/6.jpg,C:\Users\한국전파진흥협회\Desktop\Vision Proj\raw\taper_step\6.jpg,492,492,1.0,False,401f35238146e529032aa52297448fdabc4324bcb159bedb313fbf28467bade5,40b9795979791959,False,,True,pg_taper_step_020,train
taper_step_60,taper_step,60.jpg,taper_step/60.jpg,C:\Users\한국전파진흥협회\Desktop\Vision Proj\raw\taper_step\60.jpg,687,835,0.823,False,8b0544b50093a99d5a4e1e713939839f1c9c86d205ec2e48f3daafcf1f7cf87f,80d1c2c240626260,False,,True,pg_taper_step_055,train
taper_step_61,taper_step,61.jpg,taper_step/61.jpg,C:\Users\한국전파진흥협회\Desktop\Vision Proj\raw\taper_step\61.jpg,472,717,0.658,False,c4fa736fa5aeea85629743018da0c0fa9a1f422befec96aeacc9a7e9e6b7e56e,6673d9f0f2e2e5e4,False,,True,pg_taper_step_056,val
taper_step_62,taper_step,62.jpg,taper_step/62.jpg,C:\Users\한국전파진흥협회\Desktop\Vision Proj\raw\taper_step\62.jpg,410,602,0.681,False,795dbaefd8166eaeca0c43bfd10967b844526462a305d02b52be3bbefd547921,1f1ef2f2d6e1c2c3,False,,True,pg_taper_step_057,train
taper_step_63,taper_step,63.jpg,taper_step/63.jpg,C:\Users\한국전파진흥협회\Desktop\Vision Proj\raw\taper_step\63.jpg,392,577,0.679,False,d2ab88ba5d2e033942bee2b805f914cee2126fc1a3850308792c4702e3e15396,210f0b49ac9479c0,False,,True,pg_taper_step_058,train
taper_step_64,taper_step,64.jpg,taper_step/64.jpg,C:\Users\한국전파진흥협회\Desktop\Vision Proj\raw\taper_step\64.jpg,677,432,1.567,False,28810e26095722976051dd2d39d86d01e47f03b6b9d101dcea794830ce30226c,667254cc9c2cac9d,False,,True,pg_taper_step_059,train
taper_step_65,taper_step,65.jpg,taper_step/65.jpg,C:\Users\한국전파진흥협회\Desktop\Vision Proj\raw\taper_step\65.jpg,502,487,1.031,False,e9543602b7ac55c02eb31ea16c6b3ae4efc2c4b657c427d2489b301bec9a6744,31b1380c3c393918,False,,True,pg_taper_step_060,train
taper_step_66,taper_step,66.jpg,taper_step/66.jpg,C:\Users\한국전파진흥협회\Desktop\Vision Proj\raw\taper_step\66.jpg,412,822,0.501,False,86c24f0dca09adcaef6290c20f7f7bbdd6e8ba63007709c40b0865cf744ec9d9,856ae83838b830b8,False,,True,pg_taper_step_061,train
taper_step_67,taper_step,67.jpg,taper_step/67.jpg,C:\Users\한국전파진흥협회\Desktop\Vision Proj\raw\taper_step\67.jpg,452,380,1.189,False,14cc4441cd26cd350a29605bbabdce35537c1511d9c28c813d17cf00a0e45ef6,0903cbff3909f989,False,,True,pg_taper_step_062,train
taper_step_68,taper_step,68.jpg,taper_step/68.jpg,C:\Users\한국전파진흥협회\Desktop\Vision Proj\raw\taper_step\68.jpg,570,487,1.17,False,9f234bc1f43139c42e169c505c3f80123da21c96666d9e225a6e482f8b270497,3072f2f272b2b232,False,,True,pg_taper_step_063,train
taper_step_69,taper_step,69.jpg,taper_step/69.jpg,C:\Users\한국전파진흥협회\Desktop\Vision Proj\raw\taper_step\69.jpg,526,492,1.069,False,0c65ba040a36a645f71632cb3d30b072d99a1ba0885be1008d05e581abc75576,626a717979723230,False,,True,pg_taper_step_064,val
taper_step_7,taper_step,7.jpg,taper_step/7.jpg,C:\Users\한국전파진흥협회\Desktop\Vision Proj\raw\taper_step\7.jpg,492,492,1.0,False,d5b6df949300d4a4098c29bc1bbd931db07186de19641d95059b7691b7fd93d4,0ab9795979b91979,False,,True,pg_taper_step_020,train
taper_step_70,taper_step,70.jpg,taper_step/70.jpg,C:\Users\한국전파진흥협회\Desktop\Vision Proj\raw\taper_step\70.jpg,550,492,1.118,False,5065bef97296f103890fc07c50a21bdd74bd1fb67fdbc13fb1cf641482063df7,33646c6c6cfcecec,False,,True,pg_taper_step_065,train
taper_step_71,taper_step,71.jpg,taper_step/71.jpg,C:\Users\한국전파진흥협회\Desktop\Vision Proj\raw\taper_step\71.jpg,617,500,1.234,False,71e4e916adba26fa724323c092302e6b93dc1b58766d8adcf9dc441413594188,1472f2f272b2b232,False,,True,pg_taper_step_063,train
taper_step_72,taper_step,72.jpg,taper_step/72.jpg,C:\Users\한국전파진흥협회\Desktop\Vision Proj\raw\taper_step\72.jpg,662,562,1.178,False,8ecfc443de3ed45a1884d91859f31b4acb04d433c755977148d346aea5215ed6,0c3270b1b1b2b232,False,,True,pg_taper_step_066,val
taper_step_73,taper_step,73.jpg,taper_step/73.jpg,C:\Users\한국전파진흥협회\Desktop\Vision Proj\raw\taper_step\73.jpg,602,450,1.338,False,b91fe03751303b9d36c4cc6bd270797fd38dce95704e7c15d35dccb7f150b91b,2090e266e267a086,False,,True,pg_taper_step_067,train
taper_step_74,taper_step,74.jpg,taper_step/74.jpg,C:\Users\한국전파진흥협회\Desktop\Vision Proj\raw\taper_step\74.jpg,375,500,0.75,False,b683de964eafba1aa0258cc64d0a76ded2c863a6dc9503165e528ddfe20b96c5,0878dcdcdc7c3c3d,False,,True,pg_taper_step_068,train
taper_step_75,taper_step,75.jpg,taper_step/75.jpg,C:\Users\한국전파진흥협회\Desktop\Vision Proj\raw\taper_step\75.jpg,467,606,0.771,False,a0c76cd5940eee32bc6944aeaf2a0d029e1c6bd6071c630c82a52c475e0606b0,316cdcdcfc7c7979,False,,True,pg_taper_step_069,train
taper_step_76,taper_step,76.jpg,taper_step/76.jpg,C:\Users\한국전파진흥협회\Desktop\Vision Proj\raw\taper_step\76.jpg,462,690,0.67,False,24c9c724489c4b35b272218253cb01414b1b3d7521fc754f566a93cbd30a59a0,3064666626a62624,False,,True,pg_taper_step_070,train
taper_step_77,taper_step,77.jpg,taper_step/77.jpg,C:\Users\한국전파진흥협회\Desktop\Vision Proj\raw\taper_step\77.jpg,406,822,0.494,False,d6e4a2ce85f2cc3a5fe956242423c8ddc42dbbb1e9401262984ec17bb7226cd0,01080e970fcf4722,False,,True,pg_taper_step_071,train
taper_step_78,taper_step,78.jpg,taper_step/78.jpg,C:\Users\한국전파진흥협회\Desktop\Vision Proj\raw\taper_step\78.jpg,681,816,0.835,False,66028c3d591c9b299d1a50b16883961583cd01149419628aa43343de15b7e1c7,006ccce0e9e97171,False,,True,pg_taper_step_072,val
taper_step_79,taper_step,79.jpg,taper_step/79.jpg,C:\Users\한국전파진흥협회\Desktop\Vision Proj\raw\taper_step\79.jpg,505,762,0.663,False,a8513da05945af0103590057948d0ce976804bb9bdc03e35bcb44ddcc1fd4f3b,70f0b0b0f131b1f1,False,,True,pg_taper_step_073,train
taper_step_8,taper_step,8.jpg,taper_step/8.jpg,C:\Users\한국전파진흥협회\Desktop\Vision Proj\raw\taper_step\8.jpg,500,500,1.0,False,3c27c775136cad25eaa7ceb820648fec205e6fcfa78241736d34f342cc42c594,081079797979581a,False,,True,pg_taper_step_074,train
taper_step_80,taper_step,80.jpg,taper_step/80.jpg,C:\Users\한국전파진흥협회\Desktop\Vision Proj\raw\taper_step\80.jpg,517,691,0.748,False,b750cdba54139df05c71e7b701468b41fa6646cf3f7871329ce891ebd6a1d202,f9e56767676767c3,False,,True,pg_taper_step_075,train
taper_step_81,taper_step,81.jpg,taper_step/81.jpg,C:\Users\한국전파진흥협회\Desktop\Vision Proj\raw\taper_step\81.jpg,470,627,0.75,False,4cd579c59c4d74ca2e38a3dd6f523ce8e418b1b5091a60840c2426ffb8a6cf3e,78fcbcbcfc3cfc7c,False,,True,pg_taper_step_076,val
taper_step_82,taper_step,82.jpg,taper_step/82.jpg,C:\Users\한국전파진흥협회\Desktop\Vision Proj\raw\taper_step\82.jpg,537,661,0.812,False,b1dde33cc0506d5e6d27211f74ba6a550fb6cf5c13cf9f326434393685b45d78,69e9cd8dcd696961,False,,True,pg_taper_step_077,train
taper_step_83,taper_step,83.jpg,taper_step/83.jpg,C:\Users\한국전파진흥협회\Desktop\Vision Proj\raw\taper_step\83.jpg,592,741,0.799,False,7436d26d1cb627571019e03e5061b25e10fd2ed6a3048b22333ae9862a89024b,39e98dc969696930,False,,True,pg_taper_step_078,val
taper_step_84,taper_step,84.jpg,taper_step/84.jpg,C:\Users\한국전파진흥협회\Desktop\Vision Proj\raw\taper_step\84.jpg,472,567,0.832,False,b8b2bcbca35f1f0c186e0c9b455edeed30581d29d8f32445350abfb4e096b461,6860706060606070,False,,True,pg_taper_step_007,train
taper_step_85,taper_step,85.jpg,taper_step/85.jpg,C:\Users\한국전파진흥협회\Desktop\Vision Proj\raw\taper_step\85.jpg,1157,677,1.709,False,4f13a19367ad94222557883c62a1047cfb48bef2393e4dbfd0ab46fa36ba23c6,2859793938192929,False,,True,pg_taper_step_079,train
taper_step_86,taper_step,86.jpg,taper_step/86.jpg,C:\Users\한국전파진흥협회\Desktop\Vision Proj\raw\taper_step\86.jpg,1192,802,1.486,False,5641fdd53a70a5edaa628fd26b0ebbe97f04c3636a93ba46d11174ff5840f522,7070b0b0f0727270,False,,True,pg_taper_step_080,val
taper_step_87,taper_step,87.jpg,taper_step/87.jpg,C:\Users\한국전파진흥협회\Desktop\Vision Proj\raw\taper_step\87.jpg,786,710,1.107,False,61c021b1747a73f93dc4084ac6bfbe8a54d7249d5fcbdadbd55ddaf6de7d329c,00b0717971b0b232,False,,True,pg_taper_step_081,train
taper_step_88,taper_step,88.jpg,taper_step/88.jpg,C:\Users\한국전파진흥협회\Desktop\Vision Proj\raw\taper_step\88.jpg,580,437,1.327,False,9d3fbdafdf1c6f6058b51acc0d5409440fd6255c5f9eeaf3bd571140eb935f78,6971717171717171,False,,True,pg_taper_step_082,train
taper_step_89,taper_step,89.jpg,taper_step/89.jpg,C:\Users\한국전파진흥협회\Desktop\Vision Proj\raw\taper_step\89.jpg,836,547,1.528,False,82df56ca237c8c2f7b173b3bfcbdd18062f2b7c8dd0214a851a65906d9350b98,315173f3f3333331,False,,True,pg_taper_step_083,train
taper_step_9,taper_step,9.jpg,taper_step/9.jpg,C:\Users\한국전파진흥협회\Desktop\Vision Proj\raw\taper_step\9.jpg,800,1067,0.75,False,d123676e98d191df292c5f5119e3088f5b7f55497a3b76e18de9819ee507dbc5,9fb0b1b1f0323203,False,,True,pg_taper_step_084,train
taper_step_90,taper_step,90.jpg,taper_step/90.jpg,C:\Users\한국전파진흥협회\Desktop\Vision Proj\raw\taper_step\90.jpg,807,597,1.352,False,1b6e61005fa8cbd55c0a94a141e961688458cde25a5726328558047d9f0b8ef6,2010b2b272521000,False,,True,pg_taper_step_085,train
taper_step_91,taper_step,91.jpg,taper_step/91.jpg,C:\Users\한국전파진흥협회\Desktop\Vision Proj\raw\taper_step\91.jpg,760,717,1.06,False,702aad1b7a1f2fc5d1e87aef3250fb895ac82d73c7c0cf0692d86ea62fbdef65,7068606060726262,False,,True,pg_taper_step_086,train
taper_step_92,taper_step,92.jpg,taper_step/92.jpg,C:\Users\한국전파진흥협회\Desktop\Vision Proj\raw\taper_step\92.jpg,1095,707,1.549,False,287dc3259411cf26827e0ebe1b5d8f1e3db7291bea3c71f0997d563e62b3ff5d,1030b23030303030,False,,True,pg_taper_step_087,train
taper_step_93,taper_step,93.jpg,taper_step/93.jpg,C:\Users\한국전파진흥협회\Desktop\Vision Proj\raw\taper_step\93.jpg,1187,787,1.508,False,72a7592d13f00facf98084effd4405f110b1408eb29063e9440a379139d0de50,d4f2e8ece8eaccc8,False,,True,pg_taper_step_088,train
taper_step_94,taper_step,94.jpg,taper_step/94.jpg,C:\Users\한국전파진흥협회\Desktop\Vision Proj\raw\taper_step\94.jpg,292,275,1.062,True,cf518dc15cf3f27e3ce74203e1d107edaa337f64f87af31b7a6a871099f0fe63,0878606061b0b2b2,False,,True,pg_taper_step_089,train
taper_step_95,taper_step,95.jpg,taper_step/95.jpg,C:\Users\한국전파진흥협회\Desktop\Vision Proj\raw\taper_step\95.jpg,360,527,0.683,False,010fc3e5a430e17139f26e08d7b59bb573b3babc58166980a8bf5b40296084b2,70c9c949c9c9c8c2,False,,True,pg_taper_step_090,val
taper_step_96,taper_step,96.jpg,taper_step/96.jpg,C:\Users\한국전파진흥협회\Desktop\Vision Proj\raw\taper_step\96.jpg,742,647,1.147,False,6c6c96844fcff922db1a0ac9b4e159c5542ffefcd5406056e7768e0fbbb28e44,60e0e0e0e032b2b2,False,,True,pg_taper_step_091,train
taper_step_97,taper_step,97.jpg,taper_step/97.jpg,C:\Users\한국전파진흥협회\Desktop\Vision Proj\raw\taper_step\97.jpg,587,551,1.065,False,2d474d1efa173870dbfde2a59a67ec49b5eaa67c699a07dbd883ffd8acce89eb,3272f2b2f232b2b2,False,,True,pg_taper_step_092,train
taper_step_98,taper_step,98.jpg,taper_step/98.jpg,C:\Users\한국전파진흥협회\Desktop\Vision Proj\raw\taper_step\98.jpg,637,617,1.032,False,110845987d4e779469ec57c4efc8b9188a8ca414bd2e9c9780b412452524b3fc,b971f1f1f1b1b2b2,False,,True,pg_taper_step_093,train
taper_step_99,taper_step,99.jpg,taper_step/99.jpg,C:\Users\한국전파진흥협회\Desktop\Vision Proj\raw\taper_step\99.jpg,400,522,0.766,False,71fbec8e9d6589b5ec1c037d0c9cbee63f01dcc890db96e3ca0528b69cd0d740,34b8b8b8b8b93939,False,,True,pg_taper_step_094,val
mug_1,mug,1.jpg,mug/1.jpg,C:\Users\한국전파진흥협회\Desktop\Vision Proj\raw\mug\1.jpg,300,300,1.0,False,96c115f65b0a176687a7a7ee8a3305f2f57e6a78ddf07b8de70f95f7555689a7,8020e9e9e9e9f980,False,,True,pg_mug_001,train
mug_10,mug,10.jpg,mug/10.jpg,C:\Users\한국전파진흥협회\Desktop\Vision Proj\raw\mug\10.jpg,500,500,1.0,False,42894717851553408bce2a9d0970a080370ed8be7f581142ce5e26115bd635ea,f030e9f9797971b0,False,,True,pg_mug_002,train
mug_100,mug,100.jpg,mug/100.jpg,C:\Users\한국전파진흥협회\Desktop\Vision Proj\raw\mug\100.jpg,577,486,1.187,False,6b1e24d2c68342aad1aa7e8ac5c69218ace62b89b61d9556f265d69949b88839,9031e9b1b1f97190,False,,True,pg_mug_003,train
mug_101,mug,101.jpg,mug/101.jpg,C:\Users\한국전파진흥협회\Desktop\Vision Proj\raw\mug\101.jpg,1282,722,1.776,False,5f1893be2ae3ca2d4c7f2377214d73477fddc448161c9921b780386bac9dfe8c,d2d2f0f2d2c27252,False,,True,pg_mug_004,train
mug_102,mug,102.jpg,mug/102.jpg,C:\Users\한국전파진흥협회\Desktop\Vision Proj\raw\mug\102.jpg,567,532,1.066,False,b8c34178b846251c4846ca0fdb4c998988071d157ca22416ef1d1e3ce390f3bf,b071e97161e1e1e1,False,,True,pg_mug_005,train
mug_103,mug,103.jpg,mug/103.jpg,C:\Users\한국전파진흥협회\Desktop\Vision Proj\raw\mug\103.jpg,956,607,1.575,False,a14023cabfb234b1941044752015573a7182f4ddc4b294a63fd5497f5011c1ff,2cb3b3b333b29270,False,,True,pg_mug_006,train
mug_104,mug,104.jpg,mug/104.jpg,C:\Users\한국전파진흥협회\Desktop\Vision Proj\raw\mug\104.jpg,587,587,1.0,False,5ea5254cdd44d658379749c3b465357534530538b0489e5582cc348ca45c282a,6071f1b1b1713030,False,,True,pg_mug_007,train
mug_105,mug,105.jpg,mug/105.jpg,C:\Users\한국전파진흥협회\Desktop\Vision Proj\raw\mug\105.jpg,1217,752,1.618,False,8531fdc03cbe57097c677d93c9e1b251822e1424a3603ff4287957ebeef443d4,c6b0f0f0f0f0f0e0,False,,True,pg_mug_008,train
mug_106,mug,106.jpg,mug/106.jpg,C:\Users\한국전파진흥협회\Desktop\Vision Proj\raw\mug\106.jpg,512,437,1.172,False,388bbbe49cfe7e2745f33f4ada4d26c98aa27323d4cec72351152ad139813fc0,0031f0f0f0f0f030,False,,True,pg_mug_009,train
mug_107,mug,107.jpg,mug/107.jpg,C:\Users\한국전파진흥협회\Desktop\Vision Proj\raw\mug\107.jpg,592,442,1.339,False,c9c47d8ca1cbd4f5feacf08645fcec40ea65f1829b0ea217159e9ad9d470b66a,1739e9b9b9697971,False,,True,pg_mug_010,train
mug_108,mug,108.jpg,mug/108.jpg,C:\Users\한국전파진흥협회\Desktop\Vision Proj\raw\mug\108.jpg,602,552,1.091,False,c38ae0031602f7b1c11545d1c54bf8b1d475f8d4631b0e3c32c6730f7324a2ec,38fce86060e0f031,False,,True,pg_mug_011,train
mug_109,mug,109.jpg,mug/109.jpg,C:\Users\한국전파진흥협회\Desktop\Vision Proj\raw\mug\109.jpg,601,527,1.14,False,e76a1a5d4ed3a919a0b6bc2b32ba87a99500ed861606f011374a1bb2e0ee70e8,00e4e46464e4e464,False,,True,pg_mug_012,train
mug_11,mug,11.jpg,mug/11.jpg,C:\Users\한국전파진흥협회\Desktop\Vision Proj\raw\mug\11.jpg,492,492,1.0,False,dc9f981af650533ce3ffcd841733bd31b5e458956896aa7d4fc075513e9e54c9,78f8b0b0b0f030b0,False,,True,pg_mug_013,train
mug_12,mug,12.jpg,mug/12.jpg,C:\Users\한국전파진흥협회\Desktop\Vision Proj\raw\mug\12.jpg,800,800,1.0,False,e8e018f75b07ba3191cbd1aa948958878768e84f618c195c59a90fdd5e99d217,38f8bca8accc2cbc,False,,True,pg_mug_014,train
mug_13,mug,13.jpg,mug/13.jpg,C:\Users\한국전파진흥협회\Desktop\Vision Proj\raw\mug\13.jpg,1066,1066,1.0,False,214c99901893ac3cb86eb44aa5096b1402535d3d77fae93374d8522ace5df4d9,04000d8d052d0024,False,,True,pg_mug_015,train
mug_14,mug,14.jpg,mug/14.jpg,C:\Users\한국전파진흥협회\Desktop\Vision Proj\raw\mug\14.jpg,430,430,1.0,False,354e13a5a4506bcc06a4018e988b8740e10c367e2f9b517207468cea06bb864b,4e31f9f1b1f1f106,False,,True,pg_mug_016,train
mug_15,mug,15.jpg,mug/15.jpg,C:\Users\한국전파진흥협회\Desktop\Vision Proj\raw\mug\15.jpg,430,430,1.0,False,3211e1315ea080c426d95e5f7bd29547a0491d480571bca098a22ff3c808cf50,4e31f9f1b1e1e106,False,,True,pg_mug_016,train
mug_16,mug,16.jpg,mug/16.jpg,C:\Users\한국전파진흥협회\Desktop\Vision Proj\raw\mug\16.jpg,720,720,1.0,False,cf8c562d5d4832e3dd859c1c91b579de51947365ab10077963bc3fcc3f630dee,9024181a12191804,False,,True,pg_mug_017,train
mug_17,mug,17.jpg,mug/17.jpg,C:\Users\한국전파진흥협회\Desktop\Vision Proj\raw\mug\17.jpg,500,500,1.0,False,ef331b295a02119e998fb87a6e27b6d6353b49ab7356f0f4fa42e5f3dd60e8f1,0020e0e0e0613000,False,,True,pg_mug_018,train
mug_18,mug,18.jpg,mug/18.jpg,C:\Users\한국전파진흥협회\Desktop\Vision Proj\raw\mug\18.jpg,450,450,1.0,False,5ec5bee7b59ecd2a4a597433095ce78cd02968dea9cbc8eeb67cffd208de91cb,100070f0b0f1f130,False,,True,pg_mug_019,val
mug_19,mug,19.jpg,mug/19.jpg,C:\Users\한국전파진흥협회\Desktop\Vision Proj\raw\mug\19.jpg,500,500,1.0,False,f529a4910283e63eb2da56dc6662403fac3ce9344c82a2daa0cf69d4afc8a109,64f0707070e46470,False,,True,pg_mug_020,train
mug_2,mug,2.jpg,mug/2.jpg,C:\Users\한국전파진흥협회\Desktop\Vision Proj\raw\mug\2.jpg,1066,1066,1.0,False,214c99901893ac3cb86eb44aa5096b1402535d3d77fae93374d8522ace5df4d9,04000d8d052d0024,True,mug_13,False,pg_mug_015,excluded_duplicate
mug_20,mug,20.jpg,mug/20.jpg,C:\Users\한국전파진흥협회\Desktop\Vision Proj\raw\mug\20.jpg,300,313,0.958,False,e9d708c9ce2ca31ac5b2034d9f48de2337980faa8d185b3ef7c45b2dc900bd5d,001068f0f0681000,False,,True,pg_mug_021,train
mug_21,mug,21.jpg,mug/21.jpg,C:\Users\한국전파진흥협회\Desktop\Vision Proj\raw\mug\21.jpg,447,447,1.0,False,0b7420fdd01dfddaa3331f678a59b6e17f9173790430e71649b2fcfcf02276d8,32f8f8b8b8f878b8,False,,True,pg_mug_022,train
mug_22,mug,22.jpg,mug/22.jpg,C:\Users\한국전파진흥협회\Desktop\Vision Proj\raw\mug\22.jpg,447,447,1.0,False,5c6931a86820664c41b088dbbbd08885d60357c74fab70f1ee696a126df60272,30e844e4a0e0e0f1,False,,True,pg_mug_023,val
mug_23,mug,23.jpg,mug/23.jpg,C:\Users\한국전파진흥협회\Desktop\Vision Proj\raw\mug\23.jpg,554,554,1.0,False,1d7544e4b912dd10763fcf2a5a000cc4284158d57adff5d9785fd515d9d9e0a7,a078fcfcfcfcfc78,False,,True,pg_mug_024,train
mug_24,mug,24.jpg,mug/24.jpg,C:\Users\한국전파진흥협회\Desktop\Vision Proj\raw\mug\24.jpg,447,447,1.0,False,ce7b1876947896b89d8c9745c69a303f52ddd7d0298513f6453babc27255992e,0c32616969687830,False,,True,pg_mug_025,train
mug_25,mug,25.jpg,mug/25.jpg,C:\Users\한국전파진흥협회\Desktop\Vision Proj\raw\mug\25.jpg,447,447,1.0,False,c15aba9de9c919e7031d9c4ca79d59b8e77847fa07fec137ba06ded7a1a04d11,1004307272320c20,False,,True,pg_mug_026,train
mug_26,mug,26.jpg,mug/26.jpg,C:\Users\한국전파진흥협회\Desktop\Vision Proj\raw\mug\26.jpg,617,660,0.935,False,e2306fd4160916b9f0e00ebd7a2e5bb2300a4bbfc1eb83bd7b5f0a407185aef2,615df034dc1edcd0,False,,True,pg_mug_027,train
mug_27,mug,27.jpg,mug/27.jpg,C:\Users\한국전파진흥협회\Desktop\Vision Proj\raw\mug\27.jpg,576,637,0.904,False,327396536a9b8279dbab22975f7bb1064b729c7715e8a04097d71777d2aa7604,903033c3c18ac461,False,,True,pg_mug_028,train
mug_28,mug,28.jpg,mug/28.jpg,C:\Users\한국전파진흥협회\Desktop\Vision Proj\raw\mug\28.jpg,527,525,1.004,False,cf59b5915d53a12a6c4abbcc51c3d14c671d7c3b2ddc3bee50ade090f83ebd86,797d1f9f9e1f4f6e,False,,True,pg_mug_029,val
mug_29,mug,29.jpg,mug/29.jpg,C:\Users\한국전파진흥협회\Desktop\Vision Proj\raw\mug\29.jpg,750,565,1.327,False,c02e836ef824436fd6ab879f31bc1ca1ebf94ed89114a03f97a24170556600a9,d0c88c0c8c8c6c78,False,,True,pg_mug_030,val
mug_3,mug,3.jpg,mug/3.jpg,C:\Users\한국전파진흥협회\Desktop\Vision Proj\raw\mug\3.jpg,387,516,0.75,False,916d76a21a67005a947c157a557068c015f565e0eda1c43051ee36bd6a58b384,5d3f7939b9f87064,False,,True,pg_mug_031,train
mug_30,mug,30.jpg,mug/30.jpg,C:\Users\한국전파진흥협회\Desktop\Vision Proj\raw\mug\30.jpg,522,452,1.155,False,7c42064206848abb1f43e6861ec0f810721c6d4ff08df3e0139132a988e3030f,0b6cec6c6c7c6c79,False,,True,pg_mug_032,train
mug_31,mug,31.jpg,mug/31.jpg,C:\Users\한국전파진흥협회\Desktop\Vision Proj\raw\mug\31.jpg,537,452,1.188,False,9a4c382ec4d54c4ca0fadeb628f84011280dcf1429f37390e95917949fee4630,0705212120607183,False,,True,pg_mug_033,train
mug_32,mug,32.jpg,mug/32.jpg,C:\Users\한국전파진흥협회\Desktop\Vision Proj\raw\mug\32.jpg,515,587,0.877,False,13666ac6a3da8683599d181a64759b03c6efe40b09a5e06d101df39493ab9bcc,c9e1b1f0e0f0e9e0,False,,True,pg_mug_034,train
mug_33,mug,33.jpg,mug/33.jpg,C:\Users\한국전파진흥협회\Desktop\Vision Proj\raw\mug\33.jpg,531,641,0.828,False,28a6c8c2f7398e2cf022a7930ada8c9d81139f2236079edd742f0f5d2a47f555,d2665c9e9c9e3e3c,False,,True,pg_mug_035,train
mug_34,mug,34.jpg,mug/34.jpg,C:\Users\한국전파진흥협회\Desktop\Vision Proj\raw\mug\34.jpg,512,577,0.887,False,e1bf2088554b05e5237403f3cd5164dbaa82d9910bd6d749142fd8e888fde87c,6a6cecececdc3d3d,False,,True,pg_mug_036,train
mug_35,mug,35.jpg,mug/35.jpg,C:\Users\한국전파진흥협회\Desktop\Vision Proj\raw\mug\35.jpg,466,457,1.02,False,0bfefa31a0a240256653da7c9824916c3b2600081619b524bf8222670f4686dd,def4589898d9d838,False,,True,pg_mug_037,train
mug_36,mug,36.jpg,mug/36.jpg,C:\Users\한국전파진흥협회\Desktop\Vision Proj\raw\mug\36.jpg,580,615,0.943,False,2ffa8760132b86091073314596cbdda0e8beaad68ca3645116bc725abc2da464,f878ecaa2aaae868,False,,True,pg_mug_038,train
mug_37,mug,37.jpg,mug/37.jpg,C:\Users\한국전파진흥협회\Desktop\Vision Proj\raw\mug\37.jpg,482,477,1.01,False,f41f2ad81537c5d41b7283ee5507428ad94ad752c9008566b8784f564c350e38,69f9f9f9f9f979f8,False,,True,pg_mug_039,train
mug_38,mug,38.jpg,mug/38.jpg,C:\Users\한국전파진흥협회\Desktop\Vision Proj\raw\mug\38.jpg,562,691,0.813,False,0e895512ba81fb7235c2a4d051cbebe80ea31d1b6a26f5fd83d249c58782d84e,70d0f87878f07478,False,,True,pg_mug_040,val
mug_39,mug,39.jpg,mug/39.jpg,C:\Users\한국전파진흥협회\Desktop\Vision Proj\raw\mug\39.jpg,625,687,0.91,False,f7d171b66441a020bc7688f77854244b793d73ffbfb00d9a240cfa62b564bf2c,e6f2b2b8b8b87c78,False,,True,pg_mug_041,train
mug_4,mug,4.jpg,mug/4.jpg,C:\Users\한국전파진흥협회\Desktop\Vision Proj\raw\mug\4.jpg,336,336,1.0,False,99fd89a2b083072f80cb52c3c459a4fbd47f2802dcfe53af7d0a465583016c14,0018786060697204,False,,True,pg_mug_042,val
mug_40,mug,40.jpg,mug/40.jpg,C:\Users\한국전파진흥협회\Desktop\Vision Proj\raw\mug\40.jpg,586,642,0.913,False,bc126d51b02257e837e7fb1052a52aa19a5f2d435d307139c702e37d3e349e7c,314cdcbebefcf870,False,,True,pg_mug_043,val
mug_41,mug,41.jpg,mug/41.jpg,C:\Users\한국전파진흥협회\Desktop\Vision Proj\raw\mug\41.jpg,637,710,0.897,False,6f16a326ba23754d97bff59d34e79ea1dba70af81ea9e77f8c0119529487599b,1830f0b8b8d8fc38,False,,True,pg_mug_044,train
mug_42,mug,42.jpg,mug/42.jpg,C:\Users\한국전파진흥협회\Desktop\Vision Proj\raw\mug\42.jpg,541,532,1.017,False,6d70c4a5fb9f3bd00f1199028cc84eaed13c38b436f40c3fd76211398316f44c,646eea6a6afa6a6a,False,,True,pg_mug_045,train
mug_43,mug,43.jpg,mug/43.jpg,C:\Users\한국전파진흥협회\Desktop\Vision Proj\raw\mug\43.jpg,561,535,1.049,False,aafbb130ecaabb964604b90169f59abefc730ee18c83dd434e732e89ce678dbb,38f8aab6b6b6fa3a,False,,True,pg_mug_046,val
mug_44,mug,44.jpg,mug/44.jpg,C:\Users\한국전파진흥협회\Desktop\Vision Proj\raw\mug\44.jpg,657,606,1.084,False,6ae0cc3d0cc31088dbd93fd5421b380950c3587f3906b017b3c39e344fe45a5b,20ccf2700020a0b0,False,,True,pg_mug_047,train
mug_45,mug,45.jpg,mug/45.jpg,C:\Users\한국전파진흥협회\Desktop\Vision Proj\raw\mug\45.jpg,595,640,0.93,False,071ab727760f3ab366a07dd908177fbaea7a9b4f093d4042595872bcfbfd7d2d,c4d494d8dcdc9694,False,,True,pg_mug_048,train
mug_46,mug,46.jpg,mug/46.jpg,C:\Users\한국전파진흥협회\Desktop\Vision Proj\raw\mug\46.jpg,602,637,0.945,False,cb5979d68fd6870aa9a9013cdf658df2cbfe4e5baa6ad02e6440ae87983f016a,70d08494bcf4f0f0,False,,True,pg_mug_049,train
mug_47,mug,47.jpg,mug/47.jpg,C:\Users\한국전파진흥협회\Desktop\Vision Proj\raw\mug\47.jpg,702,685,1.025,False,0c9e477b12198f29d0a06a1c78a43d23bcf937e2708d750cb26aae1ea66287e3,74d4ccecccecd4d4,False,,True,pg_mug_050,train
mug_48,mug,48.jpg,mug/48.jpg,C:\Users\한국전파진흥협회\Desktop\Vision Proj\raw\mug\48.jpg,587,622,0.944,False,b4790b226dbbe807da5a0d699b9e26b03a95e33f2a1caa7826b29611f7c35067,ccccbcbcac945cf8,False,,True,pg_mug_051,train
mug_49,mug,49.jpg,mug/49.jpg,C:\Users\한국전파진흥협회\Desktop\Vision Proj\raw\mug\49.jpg,605,597,1.013,False,4789759879f3e982819f7875f3f31eef7c59afba28ce08eb5486976e0aa1f64c,6868dcdcdccc6c70,False,,True,pg_mug_052,train
mug_5,mug,5.jpg,mug/5.jpg,C:\Users\한국전파진흥협회\Desktop\Vision Proj\raw\mug\5.jpg,430,430,1.0,False,44d3d5b97b6a99a4058bd16cbf66a9c5169da5537cccc01b8b2f968dc8e5d01a,214d33b1b131320d,False,,True,pg_mug_053,train
mug_50,mug,50.jpg,mug/50.jpg,C:\Users\한국전파진흥협회\Desktop\Vision Proj\raw\mug\50.jpg,882,772,1.142,False,204fcdcb13e885a559c695e6bd408ed69c4f0f20d51b4a4941ac8f1365839e88,40e4a020a0b07046,False,,True,pg_mug_054,val
mug_51,mug,51.jpg,mug/51.jpg,C:\Users\한국전파진흥협회\Desktop\Vision Proj\raw\mug\51.jpg,685,675,1.015,False,cb66bfa0f53b38d7ec1bb1bb60d17a58991ef59745761bf6bac2581e3b5ca518,8078e82424a4e82a,False,,True,pg_mug_055,train
mug_52,mug,52.jpg,mug/52.jpg,C:\Users\한국전파진흥협회\Desktop\Vision Proj\raw\mug\52.jpg,695,647,1.074,False,ac5fce6af5ce7018b6c7d5688b3b2265fefd4fcabc06b2ce9ee09a8a2edc0d44,2464e82878f86e68,False,,True,pg_mug_056,train
mug_53,mug,53.jpg,mug/53.jpg,C:\Users\한국전파진흥협회\Desktop\Vision Proj\raw\mug\53.jpg,505,597,0.846,False,886a7714e8b189f7e007f62b732737ba7caa8c60c8221117caa02026e23158b6,78f4b0b0f0b0b039,False,,True,pg_mug_057,train
mug_54,mug,54.jpg,mug/54.jpg,C:\Users\한국전파진흥협회\Desktop\Vision Proj\raw\mug\54.jpg,491,602,0.816,False,874c73762a46f01e98229b105fed350e6a87811215551284cf34da49ed81ce3b,78e0e1a0e020b030,False,,True,pg_mug_058,train
mug_55,mug,55.jpg,mug/55.jpg,C:\Users\한국전파진흥협회\Desktop\Vision Proj\raw\mug\55.jpg,497,602,0.826,False,4a8abcbf3bb0df28e38f8f688416fe595657793d90a36da201ca0c266fd5f574,78e0a0e0e0207030,False,,True,pg_mug_059,train
mug_56,mug,56.jpg,mug/56.jpg,C:\Users\한국전파진흥협회\Desktop\Vision Proj\raw\mug\56.jpg,872,697,1.251,False,2f6ee77c07e8a3c865a5ffa1ab5ad43263b476043586d5ca0d495c6fd10d7347,72f0e0e8e8e866b2,False,,True,pg_mug_060,train
mug_57,mug,57.jpg,mug/57.jpg,C:\Users\한국전파진흥협회\Desktop\Vision Proj\raw\mug\57.jpg,747,721,1.036,False,a51d4d13cf2fc7edbd7b3ae3c3fe8c46977ffad99bea00cba5fed8a6a1dd13c1,39f9d9b9b9b9d178,False,,True,pg_mug_061,train
mug_58,mug,58.jpg,mug/58.jpg,C:\Users\한국전파진흥협회\Desktop\Vision Proj\raw\mug\58.jpg,870,822,1.058,False,da47f9ccdf217c9a41a2eccd027c1f8150a74b1fae17e62d4afd4bdab2928712,45c2c58480a1f5e1,False,,True,pg_mug_062,train
mug_59,mug,59.jpg,mug/59.jpg,C:\Users\한국전파진흥협회\Desktop\Vision Proj\raw\mug\59.jpg,610,585,1.043,False,f748a2908af7d5ae3868c7ea1e92df082e0d56b720a951c65e172c5d07948251,00e4f07070e8f071,False,,True,pg_mug_063,train
mug_6,mug,6.jpg,mug/6.jpg,C:\Users\한국전파진흥협회\Desktop\Vision Proj\raw\mug\6.jpg,1000,1000,1.0,False,a02833f86bcd3b3466ae73dac7f37a594c055f3254518951b685cfa4d600eea5,1004307272320c20,False,,True,pg_mug_026,train
mug_60,mug,60.jpg,mug/60.jpg,C:\Users\한국전파진흥협회\Desktop\Vision Proj\raw\mug\60.jpg,541,551,0.982,False,5a87778f0fab90228b61940069e14cf68d5fb0cc2196f609d22f396a2ad076f0,30eaea6c68ecf838,False,,True,pg_mug_064,val
mug_61,mug,61.jpg,mug/61.jpg,C:\Users\한국전파진흥협회\Desktop\Vision Proj\raw\mug\61.jpg,895,611,1.465,False,2246ee6a295c138a540852f58e45dbe32fc261bcb2de4f575a070ea8a422a5d8,19d8d890f0e8c040,False,,True,pg_mug_065,train
mug_62,mug,62.jpg,mug/62.jpg,C:\Users\한국전파진흥협회\Desktop\Vision Proj\raw\mug\62.jpg,875,682,1.283,False,d8debb59c2129f99d0ee49c78e38bd350082e6da6498ba1fbddea2e65800bbd5,0462606072606020,False,,True,pg_mug_066,train
mug_63,mug,63.jpg,mug/63.jpg,C:\Users\한국전파진흥협회\Desktop\Vision Proj\raw\mug\63.jpg,556,667,0.834,False,16720c3f3444e0055cf981759b91f8afc517784c5c76f7839033bd17f88cdc58,5838f8baece4b843,False,,True,pg_mug_067,val
mug_64,mug,64.jpg,mug/64.jpg,C:\Users\한국전파진흥협회\Desktop\Vision Proj\raw\mug\64.jpg,797,732,1.089,False,3247543b9c14596a449a6f98e2be517b46a65715f4ee7be4c844695be0758984,b074f4b4b4b4f460,False,,True,pg_mug_068,train
mug_65,mug,65.jpg,mug/65.jpg,C:\Users\한국전파진흥협회\Desktop\Vision Proj\raw\mug\65.jpg,655,627,1.045,False,92f04cd54ea1ebdf39d693771cb90e40b157791da9f94ae6d9c2ec9b890a8d49,9b999143c2464637,False,,True,pg_mug_069,train
mug_66,mug,66.jpg,mug/66.jpg,C:\Users\한국전파진흥협회\Desktop\Vision Proj\raw\mug\66.jpg,691,647,1.068,False,d85eddd267d0f9ba34e210056c50c86d57d856c1c6b7d08cc48ca2842c4ed956,4b67db9cbcdddd99,False,,True,pg_mug_070,train
mug_67,mug,67.jpg,mug/67.jpg,C:\Users\한국전파진흥협회\Desktop\Vision Proj\raw\mug\67.jpg,657,621,1.058,False,6b0f7e65ac61560e7ce746951fd0af3220521c851fa9e5c92f823d03dbcb6e32,89cc4c707071e1f3,False,,True,pg_mug_071,train
mug_68,mug,68.jpg,mug/68.jpg,C:\Users\한국전파진흥협회\Desktop\Vision Proj\raw\mug\68.jpg,536,552,0.971,False,34e8d3beabe8142c6a7973e07c9567b1798ede99e24f6ec43ea48bf0aa9aae5f,7870d060706471f1,False,,True,pg_mug_072,train
mug_69,mug,69.jpg,mug/69.jpg,C:\Users\한국전파진흥협회\Desktop\Vision Proj\raw\mug\69.jpg,531,531,1.0,False,bb5a09612ab073a883f096d3df7102d43e252ffb6e2ae625837d154f57cd9c89,60c068e0d0e87130,False,,True,pg_mug_073,train
mug_7,mug,7.jpg,mug/7.jpg,C:\Users\한국전파진흥협회\Desktop\Vision Proj\raw\mug\7.jpg,800,800,1.0,False,64a45d4848d80309cc5e97f9571a6aaf4ead3684870eadf55c9a189b93a8b057,463171f1f031b3ce,False,,True,pg_mug_074,train
mug_70,mug,70.jpg,mug/70.jpg,C:\Users\한국전파진흥협회\Desktop\Vision Proj\raw\mug\70.jpg,447,547,0.817,False,f5cf9012d00c59a046a4813f296e3bd5baa2c175d39ef7aec8532c9541da51c5,f08984858cc04000,False,,True,pg_mug_075,train
mug_71,mug,71.jpg,mug/71.jpg,C:\Users\한국전파진흥협회\Desktop\Vision Proj\raw\mug\71.jpg,725,612,1.185,False,fb2e073733ee3a1087425c890734fd2d9aea323d5f97d687cdab84593adb20b7,62e1ccc1f2f0f172,False,,True,pg_mug_076,train
mug_72,mug,72.jpg,mug/72.jpg,C:\Users\한국전파진흥협회\Desktop\Vision Proj\raw\mug\72.jpg,572,617,0.927,False,8f6ae17ab41af71d6445163610203ed1950c395b3902a41be4c9d3ffbd4c2287,0078e06060e06000,False,,True,pg_mug_077,train
mug_73,mug,73.jpg,mug/73.jpg,C:\Users\한국전파진흥협회\Desktop\Vision Proj\raw\mug\73.jpg,492,500,0.984,False,78cfc3303c61c7cc73d4f6b28c1dcfb3abd71b43e019ce4500450b81a69ae2e3,817efa7878f8f0f8,False,,True,pg_mug_078,val
mug_74,mug,74.jpg,mug/74.jpg,C:\Users\한국전파진흥협회\Desktop\Vision Proj\raw\mug\74.jpg,982,782,1.256,False,736b92b02c7376479e5344fe2dd0229d2942b8b6ccdf42ec681f83d35eabef71,f0f070747470707c,False,,True,pg_mug_079,train
mug_75,mug,75.jpg,mug/75.jpg,C:\Users\한국전파진흥협회\Desktop\Vision Proj\raw\mug\75.jpg,727,537,1.354,False,cfd25d164ff758641d969368b6149253c484dec65a858805076ff237708874e5,0039f1f0b0f03010,False,,True,pg_mug_080,train
mug_76,mug,76.jpg,mug/76.jpg,C:\Users\한국전파진흥협회\Desktop\Vision Proj\raw\mug\76.jpg,1305,767,1.701,False,c30903abf01bac419bfd89a3131a3745ab9aa4377d1d0a1d7a5f7aefb6124cff,667a786878786a6a,False,,True,pg_mug_081,train
mug_77,mug,77.jpg,mug/77.jpg,C:\Users\한국전파진흥협회\Desktop\Vision Proj\raw\mug\77.jpg,1122,757,1.482,False,9b0680b8890147c76731b484d2f14d54cb6761bafe1be6abc5afd118a6094bf9,dac6e6e6e6d6daca,False,,True,pg_mug_082,val
mug_78,mug,78.jpg,mug/78.jpg,C:\Users\한국전파진흥협회\Desktop\Vision Proj\raw\mug\78.jpg,811,721,1.125,False,f3649a1e1e698af54cf12afdb6c1157f16c049a9268fbc7e265836c1c4153724,69e9f1e9e9696970,False,,True,pg_mug_083,train
mug_79,mug,79.jpg,mug/79.jpg,C:\Users\한국전파진흥협회\Desktop\Vision Proj\raw\mug\79.jpg,1241,762,1.629,False,6b9a210773bdd1d9272a482e8990073d0f59f22423b6e3178063c78525611008,d0f0f4f4f2d2d0c4,False,,True,pg_mug_084,train
mug_8,mug,8.jpg,mug/8.jpg,C:\Users\한국전파진흥협회\Desktop\Vision Proj\raw\mug\8.jpg,800,800,1.0,False,48704e3e5b95e98d7c7db164a48b47d6742faa2339d930104cf8511c4ea57a68,30f8b8bcbcfc3cb8,False,,True,pg_mug_085,train
mug_80,mug,80.jpg,mug/80.jpg,C:\Users\한국전파진흥협회\Desktop\Vision Proj\raw\mug\80.jpg,1115,697,1.6,False,aface8c96e460d113e14ed3a6d0491d6a674b2fb07466e0a526cea22ed1c4ade,0038307070303030,False,,True,pg_mug_086,train
mug_81,mug,81.jpg,mug/81.jpg,C:\Users\한국전파진흥협회\Desktop\Vision Proj\raw\mug\81.jpg,1137,761,1.494,False,e3d137e4d2e63813b7a1bc05ab98fd93f2e27ccfeafc02d1d296e77fecf705bb,0018f9d9d9795900,False,,True,pg_mug_087,train
mug_82,mug,82.jpg,mug/82.jpg,C:\Users\한국전파진흥협회\Desktop\Vision Proj\raw\mug\82.jpg,1175,767,1.532,False,0479002332cd1858d53fe7c6914e8a2eba3fa5798cd8e8c219fac9c5c7b4446f,c8f2f2f2f2f2d2c4,False,,True,pg_mug_088,train
mug_83,mug,83.jpg,mug/83.jpg,C:\Users\한국전파진흥협회\Desktop\Vision Proj\raw\mug\83.jpg,1222,747,1.636,False,a6f19da7818e53265a1633b46fd1e0a9540015d0e48b0ddac44b13fbfbcd5715,3010b270f0b25220,False,,True,pg_mug_089,train
mug_84,mug,84.jpg,mug/84.jpg,C:\Users\한국전파진흥협회\Desktop\Vision Proj\raw\mug\84.jpg,972,602,1.615,False,d86ed3e1c328e3d437b8a4b41715ee5e985e7fd4e875a962f0a7ca2a48ceed27,7070f0b0b0707014,False,,True,pg_mug_090,val
mug_85,mug,85.jpg,mug/85.jpg,C:\Users\한국전파진흥협회\Desktop\Vision Proj\raw\mug\85.jpg,377,326,1.156,False,5540d23be03d4b4dc5851547718a33b039616e367d9366b4ab60247960dd61e5,1a60e4e0e0e47460,False,,True,pg_mug_091,val
mug_86,mug,86.jpg,mug/86.jpg,C:\Users\한국전파진흥협회\Desktop\Vision Proj\raw\mug\86.jpg,1135,672,1.689,False,f4bed12bbb68f6c70c78c6f0c240ca957ca9b7b02bf8e3a3205fa4e43a926e30,ccf0f0f0f0f0f0d4,False,,True,pg_mug_092,train
mug_87,mug,87.jpg,mug/87.jpg,C:\Users\한국전파진흥협회\Desktop\Vision Proj\raw\mug\87.jpg,512,395,1.296,False,c737f9b5373bad9af31781b8b00d778a73532d3b54e68ab6cf17b22b80bc2d8c,713161f1f17131b2,False,,True,pg_mug_093,val
mug_88,mug,88.jpg,mug/88.jpg,C:\Users\한국전파진흥협회\Desktop\Vision Proj\raw\mug\88.jpg,817,521,1.568,False,8c81baaa861124d6fe1fb823559344b23e08d3d5eb3bf241193dc93b1cffdb4a,c0c0d0f0f0f0e0c0,False,,True,pg_mug_094,train
mug_89,mug,89.jpg,mug/89.jpg,C:\Users\한국전파진흥협회\Desktop\Vision Proj\raw\mug\89.jpg,467,377,1.239,False,8aa0c2bebc48a64f2c38866e05290d265130fb5112c8ef98cc6aeab53ddbd123,0030f0f0b0d07030,False,,True,pg_mug_009,train
mug_9,mug,9.jpg,mug/9.jpg,C:\Users\한국전파진흥협회\Desktop\Vision Proj\raw\mug\9.jpg,500,500,1.0,False,4e1e93a23c7c9b7fcdccae150af52cb4df335dc3abe33e29cfefd41d6e478f7e,600271f9f9f1126c,False,,True,pg_mug_095,train
mug_90,mug,90.jpg,mug/90.jpg,C:\Users\한국전파진흥협회\Desktop\Vision Proj\raw\mug\90.jpg,947,527,1.797,False,2a9c263cb8c527019a27e86eef52af46651c21cba7176785ba5d050cd6550fe9,717171f171617169,False,,True,pg_mug_096,train
mug_91,mug,91.jpg,mug/91.jpg,C:\Users\한국전파진흥협회\Desktop\Vision Proj\raw\mug\91.jpg,400,366,1.093,False,9851ab08df125ccb865740a3b7966e500a6d9dd098d7f313c670bc1acb15957c,10f8e8e0f0e868b1,False,,True,pg_mug_097,train
mug_92,mug,92.jpg,mug/92.jpg,C:\Users\한국전파진흥협회\Desktop\Vision Proj\raw\mug\92.jpg,1055,642,1.643,False,a6896dc7c3ad359b0d38c4ffa640a42532b7ec3f7368c1c85ee78db7f89b8e13,cef2f2f2f2f0cc02,False,,True,pg_mug_098,train
mug_93,mug,93.jpg,mug/93.jpg,C:\Users\한국전파진흥협회\Desktop\Vision Proj\raw\mug\93.jpg,1072,625,1.715,False,49cfa546717dae105e5c0d70489cc77b509b5f5c42f66b3888671a9d8058ac84,6018b0709090f0d0,False,,True,pg_mug_099,val
mug_94,mug,94.jpg,mug/94.jpg,C:\Users\한국전파진흥협회\Desktop\Vision Proj\raw\mug\94.jpg,1247,727,1.715,False,5cebb00ca6970b115fff5e913535637ec9dd0a9817772e5f171c8d8d0316bd96,ecf4f4f4f4f0c8c8,False,,True,pg_mug_100,val
mug_95,mug,95.jpg,mug/95.jpg,C:\Users\한국전파진흥협회\Desktop\Vision Proj\raw\mug\95.jpg,545,542,1.006,False,d6aa2c43b415f3026da332473a62d66a0a77b0c8815dadd958477b9c31aad5bf,00f17171f1b03110,False,,True,pg_mug_101,val
mug_96,mug,96.jpg,mug/96.jpg,C:\Users\한국전파진흥협회\Desktop\Vision Proj\raw\mug\96.jpg,507,520,0.975,False,f4b0e1e297d49cb6c148a27f7bd8b05dc6cf6ada355048b25d5bc56000907d43,200070f0e0303030,False,,True,pg_mug_102,train
mug_97,mug,97.jpg,mug/97.jpg,C:\Users\한국전파진흥협회\Desktop\Vision Proj\raw\mug\97.jpg,707,542,1.304,False,797f179a9de5cdc6da9f2814c71031f8fbbcc2405b683025821e26e6c59739b8,edf9f1f2f1f14e00,False,,True,pg_mug_103,val
mug_98,mug,98.jpg,mug/98.jpg,C:\Users\한국전파진흥협회\Desktop\Vision Proj\raw\mug\98.jpg,1047,705,1.485,False,bc076e5a6d340f4210029707620acc5ecfa4733922a01425df485d12745a9313,e8b0f1f1f1f1f0f8,False,,True,pg_mug_104,val
mug_99,mug,99.jpg,mug/99.jpg,C:\Users\한국전파진흥협회\Desktop\Vision Proj\raw\mug\99.jpg,867,647,1.34,False,5035c1e23f17885441654688cb1e5dc40e752771aa2080fa1a227c1320bf96cd,647879307070702c,False,,True,pg_mug_105,val
